ΚΩΔ.,Ονομα,2002,2003,2004,2005,2006,2007,2008,2009,2010,20011,2012,2013,2014,2015,2016,2017,2018,2019,2020,2021,2022,2023
97,ΟΙΚΟΝΟΜΙΚΩΝ ΕΠΙΣΤΗΜΩΝ (ΚΟΜΟΤΗΝΗ),,,,,,,,,,,,12014.0,12422.0,13013.0,12491.0,11245.0,11052.0,9305,10600,9950,10728,9916
98,ΠΛΗΡΟΦΟΡΙΚΗΣ ΚΑΙ ΤΗΛΕΠΙΚΟΙΝΩΝΙΩΝ (ΤΡΙΠΟΛΗ),,,,,,,,,,,,10732.0,11678.0,11851.0,12375.0,12347.0,11801.0,10373,10450,10511,11875,11650
99,ΠΛΗΡΟΦΟΡΙΚΗΣ ΚΑΙ ΤΗΛΕΠΙΚΟΙΝΩΝΙΩΝ (ΛΑΜΙΑ),,,,,,,,,,,,10392.0,11676.0,11922.0,12206.0,12275.0,12437.0,11405,11870,11807,12950,13800
101,ΘΕΟΛΟΓΙΑΣ (ΑΘΗΝΑ),10893.0,11113.0,10626.0,16092.0,11316.0,12494.0,12360.0,12051.0,,11710.0,11535.0,11196.0,11584.0,11542.0,11515.0,11472.0,10675.0,8793,7400,8293,9290,9400
102,ΦΙΛΟΣΟΦΙΑΣ (ΠΑΤΡΑ),12691.0,12836.0,12260.0,15743.0,12701.0,14230.0,14733.0,14818.0,,13635.0,13387.0,13229.0,13395.0,12801.0,13092.0,13152.0,11989.0,10504,9925,9517,10220,8920
103,ΘΕΟΛΟΓΙΑΣ (ΘΕΣΣΑΛΟΝΙΚΗ),10734.0,11009.0,10541.0,16618.0,10981.0,12313.0,12068.0,12194.0,,11441.0,11527.0,10933.0,11346.0,11256.0,11275.0,11462.0,10536.0,8915,7375,8680,9100,9550
104,ΙΣΤΟΡΙΑΣ ΑΡΧΑΙΟΛΟΓΙΑΣ ΚΑΙ ΔΙΑΧΕΙΡΙΣΗΣ ΠΟΛΙΤΙΣΜΙΚΩΝ ΑΓΑΘΩΝ (ΚΑΛΑΜΑΤΑ),,,12128.0,16770.0,12975.0,14220.0,14467.0,14503.0,,13177.0,13036.0,13009.0,13453.0,12478.0,12934.0,13190.0,11868.0,10182,8625,9495,9450,9035
105,ΚΟΙΝΩΝΙΚΗΣ ΘΕΟΛΟΓΙΑΣ ΚΑΙ ΘΡΗΣΚΕΙΟΛΟΓΙΑΣ (ΑΘΗΝΑ),10705.0,10880.0,10378.0,15711.0,10881.0,12120.0,11911.0,11570.0,,,10924.0,10981.0,11508.0,11208.0,11131.0,11506.0,10748.0,9019,7750,8636,8930,9260
106,ΕΛΛΗΝΙΚΗΣ ΦΙΛΟΛΟΓΙΑΣ (ΚΟΜΟΤΗΝΗ),13393.0,13502.0,13187.0,15682.0,13923.0,15000.0,15482.0,15681.0,,14539.0,14276.0,14346.0,14388.0,13205.0,13593.0,13532.0,11900.0,10289,8300,8484,9144,9528
107,ΚΟΙΝΩΝΙΚΗΣ ΘΕΟΛΟΓΙΑΣ ΚΑΙ ΧΡΙΣΤΙΑΝΙΚΟΥ ΠΟΛΙΤΙΣΜΟΥ (ΘΕΣΣΑΛΟΝΙΚΗ),10351.0,10591.0,10075.0,15308.0,10433.0,11684.0,11530.0,11318.0,,10797.0,10424.0,10232.0,10787.0,10838.0,10726.0,10964.0,10282.0,8468,6950,8257,9055,9535
108,ΙΣΤΟΡΙΑΣ ΚΑΙ ΕΘΝΟΛΟΓΙΑΣ (ΚΟΜΟΤΗΝΗ),11826.0,12209.0,11962.0,15690.0,12643.0,13987.0,14297.0,14402.0,,12877.0,12723.0,12429.0,12565.0,12252.0,12787.0,12855.0,11453.0,9851,7725,8510,8620,8440
109,ΦΙΛΟΛΟΓΙΑΣ (ΑΘΗΝΑ),15896.0,15716.0,15230.0,17249.0,16214.0,17030.0,17645.0,17733.0,,17261.0,17781.0,17314.0,17525.0,16680.0,16372.0,16448.0,16267.0,14677,14550,12847,13526,13012
110,ΙΣΤΟΡΙΑΣ ΚΑΙ ΑΡΧΑΙΟΛΟΓΙΑΣ (ΑΘΗΝΑ),14265.0,14188.0,13533.0,17441.0,14443.0,15490.0,16117.0,16599.0,,16431.0,17074.0,16724.0,17122.0,16134.0,16000.0,16167.0,16231.0,15306,15150,14161,12422,12614
111,ΦΙΛΟΛΟΓΙΑΣ (ΘΕΣΣΑΛΟΝΙΚΗ),15535.0,15376.0,15107.0,17713.0,15887.0,16658.0,17464.0,17350.0,,17247.0,17745.0,17375.0,17409.0,16468.0,16380.0,16386.0,15863.0,14431,13525,12495,13620,13994
112,ΙΣΤΟΡΙΑΣ ΚΑΙ ΑΡΧΑΙΟΛΟΓΙΑΣ (ΘΕΣΣΑΛΟΝΙΚΗ),13762.0,,,17528.0,14119.0,15149.0,15902.0,16027.0,,15845.0,16524.0,16687.0,16754.0,15819.0,15851.0,15974.0,15853.0,14747,14450,13574,13625,14125
113,ΦΙΛΟΛΟΓΙΑΣ (ΙΩΑΝΝΙΝΑ),14065.0,,,15447.0,14467.0,15486.0,15976.0,16173.0,,15399.0,15861.0,15911.0,15913.0,14658.0,14895.0,14838.0,13644.0,11817,9825,9582,10096,10411
114,ΙΣΤΟΡΙΑΣ ΚΑΙ ΑΡΧΑΙΟΛΟΓΙΑΣ (ΙΩΑΝΝΙΝΑ),12684.0,13085.0,12573.0,15452.0,13378.0,14664.0,15010.0,15170.0,,13943.0,14234.0,14421.0,14948.0,13418.0,13851.0,14038.0,12707.0,11706,9525,9300,10276,10354
115,ΦΙΛΟΛΟΓΙΑΣ (ΡΕΘΥΜΝΟ),13734.0,13690.0,13148.0,15350.0,14262.0,15220.0,15607.0,15804.0,,14901.0,15114.0,15344.0,14865.0,13846.0,14166.0,14060.0,12540.0,10572,8525,8696,9118,9558
116,ΙΣΤΟΡΙΑΣ ΚΑΙ ΑΡΧΑΙΟΛΟΓΙΑΣ (ΡΕΘΥΜΝΟ),12563.0,12882.0,12387.0,15580.0,13135.0,14455.0,14676.0,14813.0,,13546.0,13402.0,13784.0,14102.0,13154.0,13501.0,13500.0,12359.0,10737,8750,10528,9125,9425
117,ΝΟΜΙΚΗΣ (ΑΘΗΝΑ),17935.0,18167.0,18061.0,18425.0,18152.0,18622.0,18978.0,18893.0,,18608.0,18879.0,18571.0,18714.0,18223.0,18229.0,18199.0,18219.0,18013,18050,18157,17950,18125
119,ΝΟΜΙΚΗΣ (ΘΕΣΣΑΛΟΝΙΚΗ),17524.0,17861.0,17721.0,18194.0,17922.0,18372.0,18797.0,18735.0,,18435.0,18715.0,18281.0,18615.0,18058.0,17938.0,17953.0,17965.0,17824,17825,17814,17150,17640
120,ΦΙΛΟΣΟΦΙΑΣ ΚΑΙ ΠΑΙΔΑΓΩΓΙΚΗΣ (ΘΕΣΣΑΛΟΝΙΚΗ),14179.0,14420.0,13912.0,18338.0,14791.0,15611.0,16222.0,16290.0,,16039.0,16432.0,16133.0,16172.0,15251.0,15380.0,15422.0,14748.0,13333,12800,12909,13420,12330
121,ΝΟΜΙΚΗΣ (ΚΟΜΟΤΗΝΗ),16597.0,16956.0,16773.0,17877.0,17287.0,17851.0,18243.0,18100.0,,17883.0,18276.0,17914.0,18303.0,17546.0,17409.0,17515.0,17465.0,17225,17250,17048,16500,16975
122,ΦΙΛΟΣΟΦΙΑΣ (ΙΩΑΝΝΙΝΑ),13313.0,,,16289.0,13814.0,14978.0,15361.0,15512.0,,14489.0,14821.0,14254.0,14377.0,13647.0,14059.0,14368.0,13319.0,9798,8650,8807,9619,9931
123,ΠΟΛΙΤΙΚΗΣ ΕΠΙΣΤΗΜΗΣ ΚΑΙ ΔΗΜΟΣΙΑΣ ΔΙΟΙΚΗΣΗΣ (ΑΘΗΝΑ),14292.0,14473.0,14004.0,18162.0,14606.0,15432.0,15962.0,15988.0,,15966.0,16395.0,16601.0,16994.0,16368.0,16357.0,16497.0,16658.0,16166,16475,15427,14520,14770
124,ΔΗΜΟΣΙΑΣ ΔΙΟΙΚΗΣΗΣ (ΑΘΗΝΑ),13774.0,15422.0,14895.0,18411.0,15084.0,15743.0,15476.0,15351.0,,14280.0,14677.0,14612.0,15006.0,14701.0,12334.0,14502.0,15117.0,14296,14375,13386,13150,13625
125,ΠΟΛΙΤΙΚΗΣ ΕΠΙΣΤΗΜΗΣ ΚΑΙ ΙΣΤΟΡΙΑΣ (ΑΘΗΝΑ),13487.0,,,17625.0,13583.0,14599.0,15001.0,14883.0,,14624.0,15197.0,15324.0,15672.0,15343.0,15579.0,15862.0,15722.0,14682,15025,13240,12620,13120
126,ΚΟΙΝΩΝΙΟΛΟΓΙΑΣ (ΑΘΗΝΑ) - ΠΑΝΤΕΙΟ,12730.0,13091.0,12463.0,17499.0,13164.0,14194.0,14691.0,14826.0,,14692.0,15419.0,15531.0,15969.0,15170.0,15408.0,15683.0,15722.0,15163,15625,15532,14320,15010
127,ΑΓΓΛΙΚΗΣ ΓΛΩΣΣΑΣ ΚΑΙ ΦΙΛΟΛΟΓΙΑΣ (ΑΘΗΝΑ),17916.0,17232.0,17268.0,20136.0,18203.0,18926.0,19519.0,20147.0,,19927.0,19709.0,20229.0,19964.0,19499.0,19326.0,19483.0,19708.0,18633,18385,17832,17635,18320
128,ΠΑΙΔΑΓΩΓΙΚΟ ΔΗΜΟΤΙΚΗΣ ΕΚΠΑΙΔΕΥΣΗΣ (ΑΘΗΝΑ),14423.0,16205.0,16717.0,18951.0,17678.0,18197.0,18696.0,18856.0,,17806.0,17731.0,16609.0,16860.0,16075.0,14670.0,14915.0,16059.0,15732,16000,16161,15750,16225
129,ΑΓΓΛΙΚΗΣ ΓΛΩΣΣΑΣ ΚΑΙ ΦΙΛΟΛΟΓΙΑΣ (ΘΕΣΣΑΛΟΝΙΚΗ),17794.0,17452.0,17300.0,20054.0,18478.0,18923.0,19947.0,20419.0,,20463.0,20244.0,21054.0,20759.0,20206.0,19874.0,19995.0,20039.0,19312,19075,18427,16805,18585
130,ΠΑΙΔΑΓΩΓΙΚΟ ΔΗΜΟΤΙΚΗΣ ΕΚΠΑΙΔΕΥΣΗΣ (ΙΩΑΝΝΙΝΑ),13421.0,15466.0,15872.0,18396.0,16850.0,17637.0,18133.0,18406.0,,16561.0,15916.0,14592.0,14612.0,14606.0,11425.0,12468.0,14267.0,13812,13725,14268,13800,14450
131,ΓΑΛΛΙΚΗΣ ΓΛΩΣΣΑΣ ΚΑΙ ΦΙΛΟΛΟΓΙΑΣ (ΑΘΗΝΑ),11064.0,,,8996.0,11518.0,11766.0,11511.0,11812.0,,12911.0,11928.0,9273.0,11803.0,12764.0,13331.0,12289.0,10900.0,8844,7100,10615,11430,12220
132,ΠΑΙΔΑΓΩΓΙΚΟ ΔΗΜΟΤΙΚΗΣ ΕΚΠΑΙΔΕΥΣΗΣ (ΡΕΘΥΜΝΟ),12940.0,14949.0,15379.0,18149.0,16505.0,17283.0,17808.0,18066.0,,16249.0,15319.0,13847.0,14146.0,14026.0,10985.0,12060.0,13782.0,13024,12850,13402,12675,13350
133,ΓΑΛΛΙΚΗΣ ΓΛΩΣΣΑΣ ΚΑΙ ΦΙΛΟΛΟΓΙΑΣ (ΘΕΣΣΑΛΟΝΙΚΗ),9333.0,,,9445.0,11740.0,11892.0,12234.0,11950.0,,12981.0,11143.0,6595.0,5394.0,9472.0,11700.0,6596.0,6834.0,5580,5380,11133,11985,12265
134,ΕΠΙΣΤΗΜΩΝ ΠΡΟΣΧΟΛΙΚΗΣ ΑΓΩΓΗΣ ΚΑΙ ΕΚΠΑΙΔΕΥΣΗΣ (ΘΕΣΣΑΛΟΝΙΚΗ),13145.0,14309.0,14384.0,18343.0,15571.0,16782.0,17528.0,17877.0,,16481.0,16647.0,15558.0,15723.0,15078.0,12151.0,13116.0,14674.0,14079,14275,14311,13625,14175
135,ΓΕΡΜΑΝΙΚΗΣ ΓΛΩΣΣΑΣ ΚΑΙ ΦΙΛΟΛΟΓΙΑΣ (ΑΘΗΝΑ),7564.0,,,7831.0,11899.0,12093.0,11704.0,11618.0,,16012.0,13397.0,14793.0,12907.0,6636.0,11559.0,9818.0,10424.0,10403,6775,10989,11035,11985
136,ΕΠΙΣΤΗΜΩΝ ΤΗΣ ΕΚΠΑΙΔΕΥΣΗΣ ΚΑΙ ΤΗΣ ΑΓΩΓΗΣ ΣΤΗΝ ΠΡΟΣΧΟΛΙΚΗ ΗΛΙΚΙΑ (ΠΑΤΡΑ),12441.0,13800.0,13804.0,17434.0,14695.0,16205.0,16900.0,17252.0,,14896.0,14609.0,13992.0,13650.0,13715.0,10396.0,11815.0,13618.0,12680,12325,12487,12420,12940
137,ΓΕΡΜΑΝΙΚΗΣ ΓΛΩΣΣΑΣ ΚΑΙ ΦΙΛΟΛΟΓΙΑΣ (ΘΕΣΣΑΛΟΝΙΚΗ),6837.0,,,,11737.0,11875.0,12109.0,13361.0,,17049.0,20026.0,17394.0,12346.0,6682.0,12615.0,11791.0,11310.0,11602,7375,10769,11200,11500
138,ΦΙΛΟΣΟΦΙΚΩΝ ΚΑΙ ΚΟΙΝΩΝΙΚΩΝ ΣΠΟΥΔΩΝ (ΡΕΘΥΜΝΟ),12344.0,,,15528.0,12824.0,14263.0,14516.0,14533.0,,13229.0,12553.0,12465.0,12846.0,12077.0,12612.0,12856.0,11596.0,9688,8400,8168,9135,9170
139,ΙΤΑΛΙΚΗΣ ΓΛΩΣΣΑΣ ΚΑΙ ΦΙΛΟΛΟΓΙΑΣ (ΘΕΣΣΑΛΟΝΙΚΗ),8588.0,,,,12075.0,12382.0,12426.0,12138.0,,9670.0,6580.0,10955.0,6973.0,5597.0,5652.0,4006.0,5350.0,4016,6340,10783,11460,12500
140,ΠΑΙΔΑΓΩΓΙΚΟ ΔΗΜΟΤΙΚΗΣ ΕΚΠΑΙΔΕΥΣΗΣ (ΘΕΣΣΑΛΟΝΙΚΗ),14515.0,16868.0,17150.0,19065.0,17836.0,18224.0,18780.0,18887.0,,17710.0,17415.0,16199.0,16345.0,15733.0,13595.0,14148.0,15473.0,15262,15275,15821,15450,16050
142,ΠΑΙΔΑΓΩΓΙΚΟ ΔΗΜΟΤΙΚΗΣ ΕΚΠΑΙΔΕΥΣΗΣ (ΑΛΕΞΑΝΔΡΟΥΠΟΛΗ),12971.0,15228.0,15604.0,18265.0,16627.0,17403.0,17869.0,18070.0,,15581.0,14506.0,13366.0,13579.0,13576.0,10327.0,11613.0,13318.0,12667,11800,12635,12325,12925
143,ΠΑΙΔΑΓΩΓΙΚΟ ΔΗΜΟΤΙΚΗΣ ΕΚΠΑΙΔΕΥΣΗΣ (ΡΟΔΟΣ),12684.0,14765.0,15122.0,17995.0,16271.0,17121.0,17688.0,17941.0,,15247.0,13847.0,12687.0,13200.0,12984.0,9887.0,10992.0,12777.0,11872,10900,11529,11125,11925
144,ΟΙΚΟΝΟΜΙΑΣ ΚΑΙ ΒΙΩΣΙΜΗΣ ΑΝΑΠΤΥΞΗΣ (ΑΘΗΝΑ),14072.0,14611.0,14120.0,18591.0,,15949.0,16419.0,16853.0,,13787.0,13985.0,11584.0,11251.0,12143.0,11737.0,11177.0,10958.0,10379,11100,11844,12148,12451
145,ΙΣΤΟΡΙΑΣ (ΚΕΡΚΥΡΑ),12073.0,12319.0,11895.0,15505.0,12546.0,13895.0,14130.0,14242.0,,12917.0,12306.0,11982.0,12415.0,11910.0,12381.0,12648.0,11268.0,9447,7475,9813,8420,8540
146,ΘΕΑΤΡΙΚΩΝ ΣΠΟΥΔΩΝ (ΑΘΗΝΑ),12609.0,13491.0,12451.0,18870.0,12821.0,14068.0,14109.0,14039.0,,14127.0,14387.0,13363.0,13035.0,13472.0,13333.0,13509.0,13074.0,12602,11125,11128,10780,0
147,ΔΗΜΟΣΙΟΓΡΑΦΙΑΣ ΚΑΙ ΜΕΣΩΝ ΜΑΖΙΚΗΣ ΕΠΙΚΟΙΝΩΝΙΑΣ (ΘΕΣΣΑΛΟΝΙΚΗ),16187.0,15516.0,15181.0,19628.0,15766.0,16506.0,17108.0,17536.0,,17767.0,18102.0,16848.0,17020.0,16752.0,16569.0,16831.0,16799.0,15949,15415,14983,15950,16640
148,ΕΠΙΚΟΙΝΩΝΙΑΣ ΚΑΙ ΜΕΣΩΝ ΜΑΖΙΚΗΣ ΕΝΗΜΕΡΩΣΗΣ (ΑΘΗΝΑ),17311.0,17007.0,16815.0,20132.0,16775.0,17595.0,18295.0,18518.0,,18238.0,18414.0,17849.0,17989.0,17647.0,17349.0,17391.0,17426.0,16845,16470,16305,15950,16370
149,ΚΟΙΝΩΝΙΟΛΟΓΙΑΣ (ΡΕΘΥΜΝΟ),11822.0,12217.0,11666.0,15817.0,12177.0,13498.0,13276.0,13458.0,,12252.0,12006.0,11956.0,12804.0,12093.0,12742.0,13280.0,13085.0,12602,12375,11093,10110,10840
150,ΔΙΕΘΝΩΝ ΚΑΙ ΕΥΡΩΠΑΪΚΩΝ ΟΙΚΟΝΟΜΙΚΩΝ ΣΠΟΥΔΩΝ (ΑΘΗΝΑ),16805.0,17286.0,16984.0,18928.0,,17108.0,16810.0,16952.0,,15386.0,15717.0,13878.0,14578.0,14787.0,14247.0,13016.0,13159.0,13804,14100,14384,14780,15170
151,ΨΥΧΟΛΟΓΙΑΣ (ΡΕΘΥΜΝΟ),15218.0,15523.0,14315.0,17787.0,15669.0,16387.0,16905.0,16745.0,,16958.0,17626.0,17306.0,17811.0,17162.0,17121.0,17274.0,17341.0,16846,17075,17135,15905,16770
152,ΟΙΚΟΝΟΜΙΚΗΣ ΚΑΙ ΠΕΡΙΦΕΡΕΙΑΚΗΣ ΑΝΑΠΤΥΞΗΣ (ΑΘΗΝΑ),15576.0,,,17889.0,,16005.0,15619.0,15516.0,,13958.0,14429.0,12698.0,13223.0,13870.0,13157.0,12150.0,11897.0,11893,12700,11902,12550,12750
153,ΕΠΙΚΟΙΝΩΝΙΑΣ ΜΕΣΩΝ ΚΑΙ ΠΟΛΙΤΙΣΜΟΥ (ΑΘΗΝΑ),16421.0,15639.0,15333.0,19531.0,15463.0,16412.0,17218.0,17410.0,,17249.0,17182.0,16761.0,17107.0,16859.0,16570.0,16902.0,16719.0,16137,15490,14493,14480,14960
154,ΕΚΠΑΙΔΕΥΣΗΣ ΚΑΙ ΑΓΩΓΗΣ ΣΤΗΝ ΠΡΟΣΧΟΛΙΚΗ ΗΛΙΚΙΑ (ΑΘΗΝΑ),13125.0,14151.0,14180.0,18244.0,15336.0,16717.0,17442.0,17796.0,,16644.0,16816.0,15793.0,16313.0,15430.0,13320.0,14195.0,15340.0,15092,15350,15006,14675,15250
155,ΧΡΗΜΑΤΟΟΙΚΟΝΟΜΙΚΗΣ ΚΑΙ ΤΡΑΠΕΖΙΚΗΣ ΔΙΟΙΚΗΤΙΚΗΣ (ΠΕΙΡΑΙΑΣ),18050.0,18388.0,18162.0,18890.0,,17880.0,17645.0,17783.0,,16852.0,17018.0,15563.0,16269.0,16196.0,15458.0,14269.0,14082.0,14494,14325,14153,14350,14775
156,ΠΑΙΔΑΓΩΓΙΚΟ ΝΗΠΙΑΓΩΓΩΝ (ΙΩΑΝΝΙΝΑ),12167.0,13474.0,13456.0,17276.0,14351.0,15977.0,16648.0,17138.0,,14760.0,14325.0,13009.0,13126.0,13062.0,9331.0,10833.0,12840.0,12074,11375,11566,11645,12170
157,ΝΑΥΤΙΛΙΑΚΩΝ ΣΠΟΥΔΩΝ (ΠΕΙΡΑΙΑΣ),16616.0,,,18727.0,,16658.0,16803.0,17113.0,,16670.0,16475.0,15975.0,16350.0,16516.0,16086.0,15133.0,15493.0,15971,15970,15317,17040,17880
158,ΠΑΙΔΑΓΩΓΙΚΟ ΠΡΟΣΧΟΛΙΚΗΣ ΕΚΠΑΙΔΕΥΣΗΣ (ΡΕΘΥΜΝΟ),11947.0,13295.0,13114.0,17317.0,14169.0,15676.0,16327.0,16771.0,,14558.0,13604.0,12693.0,12827.0,12678.0,9179.0,10659.0,12495.0,11553,10600,10803,11360,11920
159,ΚΟΙΝΩΝΙΚΗΣ ΠΟΛΙΤΙΚΗΣ (ΑΘΗΝΑ),12521.0,12887.0,12326.0,17275.0,13045.0,14091.0,14423.0,14442.0,,13749.0,14245.0,13929.0,14133.0,14260.0,14538.0,14693.0,14553.0,13261,13575,12410,12060,12760
160,ΕΠΙΣΤΗΜΩΝ ΤΗΣ ΕΚΠΑΙΔΕΥΣΗΣ ΣΤΗΝ ΠΡΟΣΧΟΛΙΚΗ ΗΛΙΚΙΑ (ΑΛΕΞΑΝΔΡΟΥΠΟΛΗ),11749.0,13220.0,13013.0,17119.0,14030.0,15589.0,16386.0,16842.0,,14098.0,13163.0,12026.0,12523.0,12382.0,8667.0,10289.0,12275.0,11225,9925,10339,10325,10925
161,ΔΙΕΘΝΩΝ ΚΑΙ ΕΥΡΩΠΑΪΚΩΝ ΣΠΟΥΔΩΝ (ΘΕΣΣΑΛΟΝΙΚΗ),17454.0,,,19122.0,,16542.0,16149.0,16524.0,,15148.0,14974.0,13497.0,12841.0,14240.0,14066.0,12878.0,12738.0,16937,17635,17217,18275,18805
162,ΕΠΙΣΤΗΜΩΝ ΤΗΣ ΠΡΟΣΧΟΛΙΚΗΣ ΑΓΩΓΗΣ ΚΑΙ ΕΚΠΑΙΔΕΥΤΙΚΟΥ ΣΧΕΔΙΑΣΜΟΥ (ΡΟΔΟΣ),11475.0,12900.0,12733.0,16759.0,13715.0,15345.0,16063.0,16537.0,,13704.0,12385.0,11443.0,12165.0,11934.0,8368.0,10060.0,11932.0,10803,9250,9785,9850,10300
163,ΚΙΝΗΜΑΤΟΓΡΑΦΟΥ (ΘΕΣΣΑΛΟΝΙΚΗ),,,,19089.0,13755.0,14639.0,14809.0,14396.0,,14331.0,14686.0,13536.0,13429.0,13424.0,14890.0,14660.0,13847.0,13243,12750,12978,13350,13300
164,ΠΑΙΔΑΓΩΓΙΚΟ ΔΗΜΟΤΙΚΗΣ ΕΚΠΑΙΔΕΥΣΗΣ (ΒΟΛΟΣ),13710.0,15979.0,16414.0,18648.0,17274.0,17829.0,18447.0,18585.0,,16953.0,16137.0,14402.0,15121.0,14865.0,11966.0,13089.0,14647.0,14361,14300,14816,14325,15125
165,ΚΟΙΝΩΝΙΚΗΣ ΑΝΘΡΩΠΟΛΟΓΙΑΣ (ΑΘΗΝΑ),,,,17332.0,12748.0,13839.0,14128.0,14209.0,,13610.0,13976.0,14063.0,14668.0,14461.0,14805.0,15073.0,14867.0,13937,13800,13060,12460,13180
166,ΠΑΙΔΑΓΩΓΙΚΟ ΠΡΟΣΧΟΛΙΚΗΣ ΕΚΠΑΙΔΕΥΣΗΣ (ΒΟΛΟΣ),12483.0,13900.0,13979.0,18127.0,14938.0,16392.0,17059.0,17403.0,,14950.0,14838.0,13701.0,13778.0,13607.0,9994.0,11414.0,13314.0,12773,12100,12176,12050,12600
167,ΚΟΙΝΩΝΙΚΗΣ ΑΝΘΡΩΠΟΛΟΓΙΑΣ ΚΑΙ ΙΣΤΟΡΙΑΣ (ΜΥΤΙΛΗΝΗ),11001.0,11403.0,10853.0,14942.0,11627.0,12943.0,13133.0,13301.0,,11670.0,10764.0,10848.0,11623.0,11271.0,11682.0,12121.0,11047.0,9932,7750,8303,8650,9220
168,ΘΕΑΤΡΟΥ (ΘΕΣΣΑΛΟΝΙΚΗ),12776.0,,,18413.0,12939.0,14068.0,14212.0,14340.0,,14195.0,14735.0,13326.0,13540.0,13950.0,13609.0,14448.0,14105.0,13635,13000,12259,12400,12875
169,ΘΕΑΤΡΙΚΩΝ ΣΠΟΥΔΩΝ (ΠΑΤΡΑ),11746.0,11982.0,11268.0,17245.0,12038.0,12966.0,12732.0,12806.0,,12721.0,11783.0,11169.0,11659.0,11779.0,11752.0,12124.0,11100.0,10190,8250,9509,10070,0
170,ΨΥΧΟΛΟΓΙΑΣ (ΑΘΗΝΑ) - ΠΑΝΤΕΙΟ,16534.0,16805.0,16145.0,18607.0,16796.0,17211.0,18049.0,17789.0,,17699.0,18204.0,17739.0,18081.0,17478.0,17381.0,17487.0,17579.0,17285,17550,17584,17170,17520
171,ΨΥΧΟΛΟΓΙΑΣ (ΑΘΗΝΑ) - ΕΚΠΑ,15822.0,15954.0,15238.0,18540.0,16269.0,16767.0,17463.0,17446.0,,17496.0,18115.0,17794.0,18205.0,17751.0,17725.0,17826.0,17949.0,17608,17875,18007,17420,17845
172,ΨΥΧΟΛΟΓΙΑΣ (ΘΕΣΣΑΛΟΝΙΚΗ),15980.0,16378.0,15506.0,18856.0,16383.0,16952.0,17625.0,17574.0,,17638.0,18184.0,17881.0,18197.0,17596.0,17517.0,17549.0,17711.0,17529,17725,17767,16985,17565
173,ΙΣΤΟΡΙΑΣ ΚΑΙ ΦΙΛΟΣΟΦΙΑΣ ΤΗΣ ΕΠΙΣΤΗΜΗΣ (ΑΘΗΝΑ),12640.0,12950.0,12162.0,17460.0,12658.0,13624.0,13740.0,13882.0,,13409.0,13645.0,12893.0,12976.0,13195.0,13982.0,14072.0,13841.0,12036,11775,11126,11372,11096
174,ΕΚΠΑΙΔΕΥΤΙΚΗΣ ΚΑΙ ΚΟΙΝΩΝΙΚΗΣ ΠΟΛΙΤΙΚΗΣ (ΘΕΣΣΑΛΟΝΙΚΗ),13706.0,13920.0,13615.0,18801.0,15392.0,16114.0,16603.0,17323.0,,16951.0,17284.0,16714.0,17010.0,16628.0,16340.0,16566.0,16711.0,15816,15900,15614,14075,0
175,ΦΙΛΟΛΟΓΙΑΣ (ΠΑΤΡΑ),14998.0,,,16515.0,15305.0,16203.0,16608.0,16446.0,,15713.0,15845.0,15923.0,16349.0,15408.0,15197.0,15272.0,14185.0,12599,11525,10552,11230,10800
176,ΒΑΛΚΑΝΙΚΩΝ ΣΛΑΒΙΚΩΝ ΚΑΙ ΑΝΑΤΟΛΙΚΩΝ ΣΠΟΥΔΩΝ (ΘΕΣΣΑΛΟΝΙΚΗ),15160.0,15615.0,14466.0,18868.0,14576.0,15208.0,15279.0,15400.0,,15232.0,15796.0,14952.0,15498.0,14742.0,14924.0,15401.0,15216.0,14021,12950,12267,12430,12670
177,ΙΣΤΟΡΙΑΣ ΑΡΧΑΙΟΛΟΓΙΑΣ ΚΑΙ ΚΟΙΝΩΝΙΚΗΣ ΑΝΘΡΩΠΟΛΟΓΙΑΣ (ΒΟΛΟΣ),12672.0,13187.0,12870.0,17193.0,13344.0,14569.0,14969.0,15094.0,,14207.0,14551.0,14508.0,14812.0,14162.0,14252.0,14332.0,14058.0,12956,11275,11216,10150,10550
178,ΠΑΙΔΑΓΩΓΙΚΟ ΕΙΔΙΚΗΣ ΑΓΩΓΗΣ (ΒΟΛΟΣ),13764.0,14726.0,14775.0,18533.0,15979.0,16746.0,17147.0,17601.0,,16295.0,16674.0,16274.0,16699.0,16119.0,13203.0,14557.0,16175.0,15685,15725,15188,14375,14150
179,ΔΙΕΘΝΩΝ ΕΥΡΩΠΑΪΚΩΝ ΚΑΙ ΠΕΡΙΦΕΡΕΙΑΚΩΝ ΣΠΟΥΔΩΝ (ΑΘΗΝΑ),17155.0,17062.0,16759.0,19553.0,16419.0,16868.0,17063.0,17007.0,,16888.0,17074.0,11416.0,17745.0,17607.0,17587.0,17878.0,18141.0,17602,17695,16906,16560,17140
180,ΝΑΥΤΙΛΙΑΣ ΚΑΙ ΕΠΙΧΕΙΡΗΜΑΤΙΚΩΝ ΥΠΗΡΕΣΙΩΝ (ΧΙΟΣ),15031.0,15254.0,14356.0,16040.0,,15195.0,14504.0,14234.0,,12729.0,12973.0,11545.0,11614.0,12257.0,12150.0,11134.0,11080.0,9753,8000,9682,9620,10150
181,ΜΕΣΟΓΕΙΑΚΩΝ ΣΠΟΥΔΩΝ (ΡΟΔΟΣ),11036.0,11255.0,10589.0,15680.0,10992.0,12249.0,11912.0,11477.0,,11298.0,11575.0,10541.0,11125.0,11158.0,11433.0,11865.0,10848.0,9087,7150,8538,9105,9040
182,ΙΤΑΛΙΚΗΣ ΓΛΩΣΣΑΣ ΚΑΙ ΦΙΛΟΛΟΓΙΑΣ (ΑΘΗΝΑ),7769.0,,,,12228.0,11611.0,13108.0,11915.0,,10391.0,15619.0,9605.0,5180.0,9161.0,5200.0,9241.0,5359.0,6980,4400,10665,11310,13170
183,ΙΣΠΑΝΙΚΗΣ ΓΛΩΣΣΑΣ ΚΑΙ ΦΙΛΟΛΟΓΙΑΣ (ΑΘΗΝΑ),7354.0,,,22546.0,12482.0,11875.0,12127.0,12628.0,,13169.0,10991.0,10483.0,4404.0,10953.0,8835.0,5681.0,10891.0,6817,8945,10830,11510,12270
186,ΓΛΩΣΣΑΣ ΦΙΛΟΛΟΓΙΑΣ ΚΑΙ ΠΟΛΙΤΙΣΜΟΥ ΠΑΡΕΥΞΕΙΝΙΩΝ ΧΩΡΩΝ (ΚΟΜΟΤΗΝΗ),11034.0,,,15399.0,11470.0,12816.0,12210.0,12376.0,,11834.0,11244.0,11151.0,12009.0,11685.0,12130.0,12374.0,11149.0,9539,7700,8660,9020,9200
187,ΚΟΙΝΩΝΙΚΗΣ ΚΑΙ ΕΚΠΑΙΔΕΥΤΙΚΗΣ ΠΟΛΙΤΙΚΗΣ (ΚΟΡΙΝΘΟΣ),,,12003.0,16883.0,12930.0,13947.0,14054.0,14778.0,,12576.0,12745.0,11697.0,13008.0,12584.0,13207.0,13451.0,13019.0,11975,11150,10553,10370,0
188,ΤΟΥΡΚΙΚΩΝ ΣΠΟΥΔΩΝ ΚΑΙ ΣΥΓΧΡΟΝΩΝ ΑΣΙΑΤΙΚΩΝ ΣΠΟΥΔΩΝ (ΑΘΗΝΑ),,,,,12735.0,13627.0,13635.0,13305.0,,13105.0,13229.0,12792.0,13042.0,13049.0,13287.0,13543.0,13504.0,11577,10425,10734,11240,11900
189,ΦΙΛΟΛΟΓΙΑΣ (ΚΑΛΑΜΑΤΑ),,,,,14418.0,15294.0,15732.0,15968.0,,14952.0,14509.0,14549.0,14827.0,13256.0,13666.0,13569.0,12305.0,10375,8900,9526,10210,9510
190,ΝΟΣΗΛΕΥΤΙΚΗΣ (ΤΡΙΠΟΛΗ),,,,,15938.0,15714.0,15868.0,15636.0,,14855.0,14644.0,13964.0,14602.0,14650.0,16762.0,16594.0,14716.0,11495,8600,9966,10570,10270
192,ΡΩΣΙΚΗΣ ΓΛΩΣΣΑΣ ΚΑΙ ΦΙΛΟΛΟΓΙΑΣ ΚΑΙ ΣΛΑΒΙΚΩΝ ΣΠΟΥΔΩΝ (ΑΘΗΝΑ) - ΡΩΣΙΚΗΣ ΓΛΩΣΣΑΣ ΚΑΙ ΦΙΛΟΛΟΓΙΑΣ,,,,,,,,13970.0,,13330.0,13376.0,13382.0,14036.0,13943.0,14221.0,14728.0,14925.0,13691,12275,11309,11095,11120
200,ΕΠΙΣΤΗΜΗΣ ΚΑΙ ΤΕΧΝΟΛΟΓΙΑΣ ΥΛΙΚΩΝ (ΗΡΑΚΛΕΙΟ),13207.0,13896.0,12770.0,15665.0,12836.0,13458.0,10562.0,11155.0,,10630.0,11003.0,9872.0,8941.0,10051.0,10066.0,10794.0,9108.0,6374,4175,9391,9645,9975
201,ΠΟΛΙΤΙΚΩΝ ΜΗΧΑΝΙΚΩΝ (ΑΘΗΝΑ),18219.0,18562.0,18792.0,18874.0,18842.0,18935.0,19090.0,19356.0,,18483.0,18184.0,17225.0,18106.0,16785.0,17130.0,16796.0,16860.0,16385,16400,17076,17094,17497
203,ΠΟΛΙΤΙΚΩΝ ΜΗΧΑΝΙΚΩΝ (ΘΕΣΣΑΛΟΝΙΚΗ),17603.0,18192.0,18339.0,18409.0,18379.0,18601.0,18666.0,19094.0,,17822.0,17529.0,16504.0,17329.0,15977.0,16053.0,15458.0,15345.0,14467,14850,15584,15205,15910
205,ΠΟΛΙΤΙΚΩΝ ΜΗΧΑΝΙΚΩΝ (ΠΑΤΡΑ) - ΠΑΝ. ΠΑΤΡΩΝ,17322.0,17967.0,18099.0,18334.0,18251.0,18478.0,18428.0,18845.0,,17058.0,17003.0,15374.0,16497.0,15006.0,15139.0,14536.0,14264.0,13460,13650,14289,13995,14750
207,ΠΟΛΙΤΙΚΩΝ ΜΗΧΑΝΙΚΩΝ (ΞΑΝΘΗ),16831.0,17640.0,17679.0,17997.0,17794.0,18217.0,18027.0,18496.0,,16208.0,16191.0,14305.0,15589.0,14170.0,13892.0,13497.0,12913.0,11992,12150,12772,12900,13276
208,ΠΟΛΙΤΙΚΩΝ ΜΗΧΑΝΙΚΩΝ (ΒΟΛΟΣ),17243.0,,,18828.0,18135.0,18418.0,18294.0,18756.0,,16716.0,16756.0,15025.0,16194.0,14698.0,14742.0,14315.0,14086.0,13140,13175,14019,13790,14365
209,ΜΗΧΑΝΟΛΟΓΩΝ ΜΗΧΑΝΙΚΩΝ (ΑΘΗΝΑ),17906.0,18321.0,18553.0,18692.0,18610.0,18704.0,18915.0,19137.0,,18699.0,18759.0,19404.0,18943.0,18309.0,18467.0,18164.0,18033.0,18014,17775,18267,18190,18554
210,ΜΗΧΑΝΟΛΟΓΩΝ ΜΗΧΑΝΙΚΩΝ (ΚΟΖΑΝΗ),14067.0,14661.0,14188.0,16202.0,15913.0,17337.0,17189.0,17980.0,,15971.0,15838.0,14729.0,16920.0,15382.0,15792.0,15346.0,15466.0,14736,14500,14887,14260,14804
211,ΜΗΧΑΝΟΛΟΓΩΝ ΜΗΧΑΝΙΚΩΝ (ΘΕΣΣΑΛΟΝΙΚΗ),16933.0,17603.0,17619.0,18199.0,18018.0,18300.0,18383.0,18845.0,,18204.0,18161.0,17508.0,18476.0,17529.0,17856.0,17459.0,17463.0,17169,16950,17750,17175,17750
212,ΔΑΣΟΛΟΓΙΑΣ ΚΑΙ ΔΙΑΧΕΙΡΙΣΗΣ ΠΕΡΙΒΑΛΛΟΝΤΟΣ ΚΑΙ ΦΥΣΙΚΩΝ ΠΟΡΩΝ (ΟΡΕΣΤΙΑΔΑ),11494.0,11873.0,10862.0,14120.0,11527.0,12516.0,10341.0,10228.0,,9394.0,,,8180.0,8360.0,6582.0,10493.0,9925.0,6537,2050,9492,9595,8220
213,ΜΗΧΑΝΟΛΟΓΩΝ ΚΑΙ ΑΕΡΟΝΑΥΠΗΓΩΝ ΜΗΧΑΝΙΚΩΝ (ΠΑΤΡΑ),16174.0,17093.0,17112.0,17762.0,17452.0,17946.0,17752.0,18286.0,,17227.0,17344.0,16878.0,17931.0,16967.0,17394.0,17068.0,16952.0,16811,16500,17273,16830,17340
214,ΧΗΜΙΚΩΝ ΜΗΧΑΝΙΚΩΝ ΚΑΙ ΜΗΧΑΝΙΚΩΝ ΠΕΡΙΒΑΛΛΟΝΤΟΣ (ΧΑΝΙΑ),15354.0,16313.0,16071.0,17391.0,16307.0,16800.0,16349.0,16661.0,,14363.0,14352.0,12217.0,11732.0,12072.0,12233.0,12300.0,10440.0,8080,7325,11754,12475,12975
215,ΜΗΧΑΝΙΚΩΝ ΗΛΕΚΤΡΟΝΙΚΩΝ ΥΠΟΛΟΓΙΣΤΩΝ ΚΑΙ ΠΛΗΡΟΦΟΡΙΚΗΣ (ΠΑΤΡΑ),17993.0,18051.0,17518.0,17791.0,17308.0,17656.0,17124.0,17506.0,,15666.0,15719.0,14772.0,15504.0,15415.0,15111.0,14658.0,14715.0,14082,13575,14226,13896,14753
216,ΕΠΙΣΤΗΜΗΣ ΥΠΟΛΟΓΙΣΤΩΝ (ΗΡΑΚΛΕΙΟ),16640.0,17044.0,16103.0,17310.0,15583.0,16133.0,14512.0,14781.0,,12769.0,13308.0,12553.0,13270.0,13756.0,12590.0,13872.0,14024.0,14668,15075,15603,15617,16047
217,ΗΛΕΚΤΡΟΛΟΓΩΝ ΜΗΧΑΝΙΚΩΝ ΚΑΙ ΜΗΧΑΝΙΚΩΝ ΥΠΟΛΟΓΙΣΤΩΝ (ΑΘΗΝΑ),18907.0,18953.0,19077.0,19035.0,18971.0,18980.0,19089.0,19306.0,,18917.0,18914.0,18471.0,19072.0,18540.0,18628.0,18416.0,18240.0,18314,17975,18487,18470,18820
218,ΣΤΑΤΙΣΤΙΚΗΣ ΚΑΙ ΑΝΑΛΟΓΙΣΤΙΚΩΝ-ΧΡΗΜΑΤΟΟΙΚΟΝΟΜΙΚΩΝ ΜΑΘΗΜΑΤΙΚΩΝ (ΣΑΜΟΣ),13590.0,14324.0,13650.0,15783.0,13629.0,14380.0,12142.0,12874.0,,11271.0,11014.0,9618.0,10636.0,10574.0,10471.0,10692.0,8525.0,5148,3925,7797,8425,8575
219,ΗΛΕΚΤΡΟΛΟΓΩΝ ΜΗΧΑΝΙΚΩΝ ΚΑΙ ΜΗΧΑΝΙΚΩΝ ΥΠΟΛΟΓΙΣΤΩΝ (ΘΕΣΣΑΛΟΝΙΚΗ),18452.0,18650.0,18712.0,18672.0,18492.0,18607.0,18566.0,19004.0,,18333.0,18314.0,17767.0,18670.0,17833.0,18100.0,17691.0,17824.0,17575,17450,17996,17910,18260
220,ΗΛΕΚΤΡΟΛΟΓΩΝ ΜΗΧΑΝΙΚΩΝ ΚΑΙ ΜΗΧΑΝΙΚΩΝ ΥΠΟΛΟΓΙΣΤΩΝ (ΒΟΛΟΣ),17354.0,17735.0,17227.0,18134.0,17069.0,17454.0,16742.0,17407.0,,15039.0,15024.0,15916.0,17496.0,16301.0,16540.0,16242.0,16329.0,15664,15650,16367,15740,16405
221,ΗΛΕΚΤΡΟΛΟΓΩΝ ΜΗΧΑΝΙΚΩΝ ΚΑΙ ΤΕΧΝΟΛΟΓΙΑΣ ΥΠΟΛΟΓΙΣΤΩΝ (ΠΑΤΡΑ) - ΠΑΝ. ΠΑΤΡΩΝ,17914.0,18200.0,18226.0,18196.0,18107.0,18302.0,18110.0,18652.0,,17535.0,17403.0,16984.0,18013.0,16939.0,17137.0,16789.0,16742.0,16411,16350,16914,16395,16925
222,ΜΗΧΑΝΙΚΩΝ ΟΙΚΟΝΟΜΙΑΣ ΚΑΙ ΔΙΟΙΚΗΣΗΣ (ΧΙΟΣ),14701.0,,,16124.0,13740.0,14410.0,12194.0,12508.0,,10990.0,10514.0,9298.0,9362.0,9864.0,9194.0,10185.0,9766.0,5738,4925,7694,8575,8700
223,ΗΛΕΚΤΡΟΛΟΓΩΝ ΜΗΧΑΝΙΚΩΝ ΚΑΙ ΜΗΧΑΝΙΚΩΝ ΥΠΟΛΟΓΙΣΤΩΝ (ΞΑΝΘΗ),17496.0,17934.0,17739.0,17892.0,17698.0,18036.0,17665.0,18238.0,,16093.0,16222.0,16027.0,17278.0,16084.0,15971.0,15551.0,15504.0,14724,14500,15039,14140,14750
224,ΜΗΧΑΝΙΚΩΝ ΠΑΡΑΓΩΓΗΣ ΚΑΙ ΔΙΟΙΚΗΣΗΣ (ΞΑΝΘΗ),15323.0,16196.0,15676.0,17410.0,15891.0,16318.0,15487.0,15973.0,,13559.0,14127.0,12437.0,12778.0,13070.0,13375.0,13307.0,12697.0,11217,11050,11534,11800,12370
225,ΑΓΡΟΝΟΜΩΝ ΚΑΙ ΤΟΠΟΓΡΑΦΩΝ ΜΗΧΑΝΙΚΩΝ - ΜΗΧΑΝΙΚΩΝ ΓΕΩΠΛΗΡΟΦΟΡΙΚΗΣ (ΑΘΗΝΑ),16438.0,17290.0,17372.0,17880.0,17690.0,18071.0,17915.0,18352.0,,16437.0,16442.0,14892.0,15224.0,14533.0,14942.0,14220.0,13892.0,13047,13025,14449,14140,14775
227,ΑΓΡΟΝΟΜΩΝ ΚΑΙ ΤΟΠΟΓΡΑΦΩΝ ΜΗΧΑΝΙΚΩΝ (ΘΕΣΣΑΛΟΝΙΚΗ),16398.0,17273.0,17279.0,17935.0,17593.0,18021.0,17789.0,18243.0,,16270.0,16014.0,14142.0,14993.0,13993.0,13935.0,13244.0,12472.0,11591,11725,12321,12580,12960
228,ΜΗΧΑΝΙΚΩΝ ΧΩΡΟΤΑΞΙΑΣ ΠΟΛΕΟΔΟΜΙΑΣ ΚΑΙ ΠΕΡΙΦΕΡΕΙΑΚΗΣ ΑΝΑΠΤΥΞΗΣ (ΒΟΛΟΣ),16020.0,17020.0,16906.0,17974.0,17028.0,17582.0,16971.0,17306.0,,14443.0,14213.0,11381.0,11406.0,11568.0,11625.0,11754.0,9914.0,7468,7600,9283,9766,10613
229,ΝΑΥΠΗΓΩΝ ΜΗΧΑΝΟΛΟΓΩΝ ΜΗΧΑΝΙΚΩΝ (ΑΘΗΝΑ),16903.0,17548.0,17881.0,18454.0,17957.0,18301.0,18480.0,18891.0,,18421.0,18461.0,18198.0,18700.0,18080.0,18076.0,17852.0,17784.0,17643,17325,17915,17860,18250
230,ΜΗΧΑΝΙΚΩΝ ΠΑΡΑΓΩΓΗΣ ΚΑΙ ΔΙΟΙΚΗΣΗΣ (ΧΑΝΙΑ),15202.0,16048.0,15534.0,17129.0,15873.0,16227.0,15090.0,15764.0,,14095.0,14037.0,12898.0,13112.0,13596.0,13727.0,13843.0,13442.0,11986,11350,12092,12190,12130
231,ΑΡΧΙΤΕΚΤΟΝΩΝ ΜΗΧΑΝΙΚΩΝ (ΑΘΗΝΑ),20607.0,21180.0,21511.0,21323.0,21662.0,21930.0,22152.0,22583.0,,21715.0,21669.0,20193.0,20364.0,19838.0,19999.0,19377.0,19334.0,19050,19165,19929,19285,19950
232,ΑΡΧΙΤΕΚΤΟΝΩΝ ΜΗΧΑΝΙΚΩΝ (ΠΑΤΡΑ),19579.0,20434.0,20695.0,20178.0,20818.0,21433.0,21374.0,21930.0,,20522.0,19819.0,17751.0,17819.0,17324.0,16836.0,16751.0,15812.0,15602,16365,18840,18010,18854
233,ΑΡΧΙΤΕΚΤΟΝΩΝ ΜΗΧΑΝΙΚΩΝ (ΘΕΣΣΑΛΟΝΙΚΗ),19885.0,20609.0,20900.0,20401.0,20936.0,21559.0,21663.0,22212.0,,21258.0,20462.0,18894.0,19625.0,18578.0,18483.0,18478.0,18102.0,16952,17885,17372,17070,17985
234,ΑΡΧΙΤΕΚΤΟΝΩΝ ΜΗΧΑΝΙΚΩΝ (ΞΑΝΘΗ),19025.0,19857.0,19901.0,19693.0,20129.0,20854.0,20640.0,21167.0,,19323.0,18615.0,15493.0,14917.0,14797.0,11965.0,13126.0,11537.0,11233,12335,0,13205,14365
235,ΧΗΜΙΚΩΝ ΜΗΧΑΝΙΚΩΝ (ΑΘΗΝΑ),16524.0,17196.0,17190.0,18048.0,17486.0,17903.0,17969.0,18359.0,,17760.0,17716.0,17296.0,18300.0,17456.0,18047.0,17817.0,17595.0,17479,17000,17774,17570,18155
236,ΑΡΧΙΤΕΚΤΟΝΩΝ ΜΗΧΑΝΙΚΩΝ (ΒΟΛΟΣ),19312.0,20184.0,20367.0,19749.0,20583.0,21238.0,21181.0,21727.0,,20203.0,19613.0,17171.0,17099.0,16742.0,15226.0,15770.0,14424.0,14109,15100,14217,15855,16985
237,ΧΗΜΙΚΩΝ ΜΗΧΑΝΙΚΩΝ (ΘΕΣΣΑΛΟΝΙΚΗ),16050.0,16895.0,16611.0,17684.0,16866.0,17484.0,17428.0,17962.0,,16585.0,17184.0,16421.0,17766.0,16876.0,17596.0,17204.0,17027.0,16474,16450,17096,16680,17235
238,ΜΗΧΑΝΙΚΩΝ ΣΧΕΔΙΑΣΗΣ ΠΡΟΪΟΝΤΩΝ ΚΑΙ ΣΥΣΤΗΜΑΤΩΝ (ΣΥΡΟΣ),15010.0,15718.0,15338.0,16603.0,15555.0,15631.0,14778.0,14648.0,,12508.0,11783.0,9816.0,9142.0,10107.0,9117.0,9963.0,9384.0,7342,6975,9866,8840,8950
239,ΧΗΜΙΚΩΝ ΜΗΧΑΝΙΚΩΝ (ΠΑΤΡΑ),15839.0,16663.0,16488.0,17482.0,16828.0,17407.0,17139.0,17794.0,,15982.0,16603.0,15758.0,17129.0,16438.0,17062.0,16674.0,16498.0,15918,15700,16330,15815,16420
240,ΔΙΟΙΚΗΤΙΚΗΣ ΕΠΙΣΤΗΜΗΣ ΚΑΙ ΤΕΧΝΟΛΟΓΙΑΣ (ΑΘΗΝΑ),17456.0,18077.0,17896.0,19187.0,17813.0,18328.0,18265.0,18431.0,,17602.0,17824.0,16632.0,17518.0,17213.0,17041.0,16883.0,17300.0,17959,17900,18422,17925,18350
241,ΜΗΧΑΝΙΚΩΝ ΜΕΤΑΛΛΕΙΩΝ ΜΕΤΑΛΛΟΥΡΓΩΝ (ΑΘΗΝΑ),14970.0,,,17365.0,16107.0,16763.0,16525.0,16864.0,,15194.0,15524.0,14405.0,14998.0,14569.0,15253.0,15141.0,14982.0,14311,13775,13546,13175,13425
242,ΜΗΧΑΝΙΚΩΝ ΟΡΥΚΤΩΝ ΠΟΡΩΝ (ΧΑΝΙΑ),13453.0,14029.0,13483.0,16268.0,13715.0,14472.0,12245.0,12782.0,,11937.0,12428.0,11094.0,10633.0,11010.0,10758.0,11288.0,9034.0,6063,2650,9138,9280,9815
243,ΜΑΘΗΜΑΤΙΚΩΝ (ΑΘΗΝΑ),15152.0,15985.0,15521.0,17538.0,15774.0,16578.0,16358.0,17022.0,,15769.0,15945.0,15331.0,15794.0,15514.0,16060.0,15500.0,15152.0,14617,14275,14671,14140,14725
245,ΜΑΘΗΜΑΤΙΚΩΝ (ΘΕΣΣΑΛΟΝΙΚΗ),15092.0,16014.0,15741.0,17949.0,16267.0,16925.0,16829.0,17410.0,,16470.0,16157.0,15449.0,16324.0,15574.0,15750.0,15230.0,14620.0,14019,13450,14485,14055,14735
246,ΕΦΑΡΜΟΣΜΕΝΩΝ ΜΑΘΗΜΑΤΙΚΩΝ ΚΑΙ ΦΥΣΙΚΩΝ ΕΠΙΣΤΗΜΩΝ (ΑΘΗΝΑ),16637.0,,,17763.0,16404.0,16658.0,16541.0,17110.0,,15758.0,15861.0,15212.0,15951.0,15547.0,16024.0,15678.0,15748.0,15364,15325,16058,15820,16240
247,ΜΑΘΗΜΑΤΙΚΩΝ (ΠΑΤΡΑ),14545.0,,,16427.0,15040.0,15941.0,15271.0,15687.0,,14129.0,14203.0,13067.0,13758.0,13634.0,13880.0,13313.0,12260.0,11395,10675,10618,11097,11391
248,ΜΑΘΗΜΑΤΙΚΩΝ KAI ΕΦΑΡΜΟΣΜΕΝΩΝ ΜΑΘΗΜΑΤΙΚΩΝ (ΗΡΑΚΛΕΙΟ) - ΕΦΑΡΜΟΣΜΕΝΩΝ ΜΑΘΗΜΑΤΙΚΩΝ,14785.0,15229.0,14444.0,15649.0,14124.0,14664.0,12586.0,13859.0,,12643.0,12833.0,11262.0,11908.0,12373.0,12676.0,12412.0,10201.0,7478,6250,10102,10580,10620
249,ΜΑΘΗΜΑΤΙΚΩΝ (ΙΩΑΝΝΙΝΑ),14096.0,15089.0,14653.0,16101.0,14853.0,15614.0,14969.0,15588.0,,14123.0,13853.0,12993.0,13470.0,13464.0,13633.0,13210.0,12050.0,10936,10025,9357,12305,13100
251,ΜΑΘΗΜΑΤΙΚΩΝ KAI ΕΦΑΡΜΟΣΜΕΝΩΝ ΜΑΘΗΜΑΤΙΚΩΝ (ΗΡΑΚΛΕΙΟ) - ΜΑΘΗΜΑΤΙΚΩΝ,13976.0,15014.0,14453.0,16001.0,14603.0,15394.0,14492.0,15060.0,,13603.0,13486.0,12176.0,13103.0,13287.0,13388.0,13055.0,11413.0,9285,8975,10829,10860,10800
252,ΜΑΘΗΜΑΤΙΚΩΝ (ΣΑΜΟΣ),13759.0,14744.0,14179.0,15689.0,14231.0,15040.0,13857.0,14441.0,,12777.0,12471.0,11282.0,12471.0,11956.0,12239.0,12020.0,10088.0,7501,3125,9708,9445,9670
253,ΦΥΣΙΚΗΣ (ΑΘΗΝΑ),15915.0,16374.0,15824.0,17350.0,16010.0,16672.0,16613.0,17166.0,,16214.0,16399.0,16171.0,16795.0,16118.0,16608.0,16224.0,16092.0,15417,15400,15834,15217,14634
255,ΦΥΣΙΚΗΣ (ΘΕΣΣΑΛΟΝΙΚΗ),15278.0,15996.0,15415.0,17372.0,15639.0,16256.0,16340.0,16824.0,,15665.0,15626.0,15338.0,16178.0,15590.0,15883.0,15650.0,15400.0,14339,14275,14328,14163,14576
257,ΦΥΣΙΚΗΣ (ΠΑΤΡΑ),14928.0,15705.0,15031.0,16434.0,15154.0,15862.0,15625.0,15948.0,,14261.0,14433.0,13895.0,14144.0,14323.0,14731.0,14500.0,13913.0,12836,12650,11374,11670,12160
259,ΦΥΣΙΚΗΣ (ΙΩΑΝΝΙΝΑ),14452.0,15240.0,14570.0,15908.0,14680.0,15339.0,15029.0,15433.0,,13605.0,13814.0,13321.0,14024.0,13802.0,14158.0,13999.0,13269.0,11379,11500,9941,11857,12835
261,ΦΥΣΙΚΗΣ (ΗΡΑΚΛΕΙΟ),14525.0,15241.0,14554.0,16322.0,14619.0,15259.0,14750.0,15168.0,,13415.0,13721.0,13073.0,13876.0,13763.0,14261.0,13974.0,13163.0,11375,11075,14397,12160,12825
262,ΨΗΦΙΑΚΩΝ ΣΥΣΤΗΜΑΤΩΝ (ΠΕΙΡΑΙΑΣ),14789.0,15676.0,15207.0,17412.0,15042.0,15644.0,14959.0,15092.0,,13667.0,14156.0,13144.0,13939.0,14034.0,13977.0,13965.0,14029.0,14492,15025,15518,15640,16260
263,ΧΗΜΕΙΑΣ (ΑΘΗΝΑ),15426.0,16052.0,15697.0,17302.0,16285.0,17187.0,17334.0,17819.0,,16851.0,16852.0,16274.0,17086.0,16653.0,17011.0,17983.0,17761.0,17332,16400,17394,17420,17505
265,ΧΗΜΕΙΑΣ (ΘΕΣΣΑΛΟΝΙΚΗ),14658.0,,,16873.0,15415.0,16527.0,16511.0,17047.0,,15880.0,15806.0,15238.0,16501.0,15954.0,16195.0,17714.0,17349.0,16871,15625,16837,16770,16825
267,ΧΗΜΕΙΑΣ (ΠΑΤΡΑ),14483.0,15291.0,14900.0,16409.0,15425.0,16365.0,16212.0,16726.0,,15521.0,15063.0,14893.0,15913.0,15503.0,15790.0,17465.0,17096.0,16616,15225,16525,16540,16480
269,ΧΗΜΕΙΑΣ (ΙΩΑΝΝΙΝΑ),13978.0,14787.0,14213.0,15958.0,14765.0,15629.0,15300.0,15887.0,,14855.0,14777.0,14408.0,15444.0,15017.0,15241.0,17320.0,16867.0,16353,14775,16200,16020,15975
270,ΧΗΜΕΙΑΣ (ΗΡΑΚΛΕΙΟ),14096.0,14940.0,14405.0,15982.0,14974.0,15832.0,15160.0,15694.0,,14805.0,14806.0,14386.0,15410.0,15006.0,15121.0,17275.0,16825.0,16277,14625,16106,15874,15690
272,ΜΗΧΑΝΙΚΩΝ ΕΠΙΣΤΗΜΗΣ ΥΛΙΚΩΝ (ΙΩΑΝΝΙΝΑ),13412.0,13951.0,12784.0,15763.0,12851.0,13579.0,11682.0,12020.0,,10868.0,11422.0,10295.0,9396.0,10647.0,10492.0,12149.0,11629.0,9693,9300,9630,10475,11375
273,ΓΕΩΠΟΝΙΑΣ (ΘΕΣΣΑΛΟΝΙΚΗ) - ΑΠΘ,13404.0,14130.0,13503.0,16320.0,13866.0,14609.0,14366.0,14516.0,,13819.0,14318.0,13927.0,14739.0,14202.0,17120.0,16587.0,16162.0,14644,13125,14188,14220,13870
274,ΓΕΩΠΟΝΙΑΣ ΦΥΤΙΚΗΣ ΠΑΡΑΓΩΓΗΣ ΚΑΙ ΑΓΡΟΤΙΚΟΥ ΠΕΡΙΒΑΛΛΟΝΤΟΣ (ΒΟΛΟΣ),13060.0,13974.0,13337.0,16753.0,13650.0,14384.0,13508.0,13701.0,,12696.0,13444.0,12948.0,13590.0,13147.0,15485.0,15506.0,14668.0,11950,10275,10611,10920,9810
275,ΔΑΣΟΛΟΓΙΑΣ ΚΑΙ ΦΥΣΙΚΟΥ ΠΕΡΙΒΑΛΛΟΝΤΟΣ (ΘΕΣΣΑΛΟΝΙΚΗ),12773.0,13554.0,12382.0,16322.0,13003.0,13802.0,13197.0,13209.0,,11964.0,12747.0,11643.0,11442.0,11813.0,11187.0,13434.0,12382.0,10870,8775,12072,11810,10730
276,ΠΕΡΙΒΑΛΛΟΝΤΟΣ (ΜΥΤΙΛΗΝΗ),12594.0,13194.0,11978.0,15065.0,12309.0,13244.0,11416.0,10557.0,,10668.0,10297.0,9101.0,8065.0,9007.0,8082.0,11005.0,10713.0,7353,4300,9997,8730,8270
277,ΒΙΟΛΟΓΙΑΣ (ΑΘΗΝΑ),17031.0,17669.0,17816.0,18595.0,18056.0,18317.0,18331.0,18599.0,,17773.0,17908.0,17392.0,18245.0,17677.0,18335.0,18335.0,18051.0,17688,16750,17663,17552,17703
279,ΒΙΟΛΟΓΙΑΣ (ΘΕΣΣΑΛΟΝΙΚΗ),16236.0,17225.0,17317.0,18017.0,17736.0,18045.0,18139.0,18333.0,,17598.0,17653.0,17253.0,18057.0,17439.0,18246.0,18205.0,17889.0,17446,16500,17443,17402,17439
280,ΒΙΟΛΟΓΙΚΩΝ ΕΦΑΡΜΟΓΩΝ ΚΑΙ ΤΕΧΝΟΛΟΓΙΩΝ (ΙΩΑΝΝΙΝΑ),15329.0,16093.0,16173.0,17089.0,16476.0,16445.0,15975.0,15956.0,,16157.0,16343.0,15907.0,16631.0,16246.0,17788.0,17480.0,17050.0,16620,15175,16650,16530,16265
281,ΒΙΟΛΟΓΙΑΣ (ΠΑΤΡΑ),15837.0,16848.0,16971.0,17728.0,17475.0,17875.0,17896.0,18008.0,,17165.0,17197.0,16757.0,17671.0,17066.0,18107.0,17974.0,17587.0,17174,16100,17218,17042,17050
282,ΒΙΟΛΟΓΙΑΣ (ΗΡΑΚΛΕΙΟ),15748.0,16745.0,16928.0,17545.0,17356.0,17731.0,17640.0,17835.0,,16969.0,17064.0,16665.0,17621.0,16905.0,18063.0,17910.0,17586.0,17105,15900,17124,16768,16678
283,ΓΕΩΛΟΓΙΑΣ ΚΑΙ ΓΕΩΠΕΡΙΒΑΛΛΟΝΤΟΣ (ΑΘΗΝΑ),13649.0,14163.0,13664.0,16491.0,13791.0,14534.0,14447.0,14747.0,,13327.0,13687.0,12231.0,12650.0,12944.0,13468.0,12680.0,11833.0,10623,9475,10904,11300,11375
284,ΒΙΟΧΗΜΕΙΑΣ ΚΑΙ ΒΙΟΤΕΧΝΟΛΟΓΙΑΣ (ΛΑΡΙΣΑ),15865.0,16495.0,16625.0,18593.0,17048.0,17094.0,16872.0,16920.0,,16435.0,16559.0,16175.0,16714.0,16361.0,17840.0,17636.0,17222.0,16697,15350,16617,16430,16050
285,ΓΕΩΛΟΓΙΑΣ (ΘΕΣΣΑΛΟΝΙΚΗ),13016.0,13859.0,13118.0,16307.0,13489.0,14334.0,13935.0,13916.0,,13127.0,13303.0,12865.0,13113.0,13239.0,12991.0,12444.0,11560.0,9785,9025,9516,9850,9875
287,ΓΕΩΛΟΓΙΑΣ (ΠΑΤΡΑ),12903.0,13772.0,12743.0,15606.0,13170.0,13953.0,12691.0,12774.0,,11612.0,12203.0,11131.0,11190.0,11647.0,10887.0,11020.0,9433.0,7108,5950,10327,9670,9670
288,ΕΠΙΣΤΗΜΗΣ ΤΩΝ ΥΛΙΚΩΝ (ΠΑΤΡΑ),13748.0,14296.0,13274.0,15636.0,13129.0,13703.0,11137.0,11560.0,,10817.0,11277.0,10341.0,9418.0,10609.0,10388.0,10892.0,9794.0,7353,6150,9259,9479,9615
289,ΦΑΡΜΑΚΕΥΤΙΚΗΣ (ΑΘΗΝΑ),16942.0,17965.0,18241.0,18815.0,18461.0,18650.0,18679.0,18939.0,,18229.0,18299.0,17874.0,18471.0,17938.0,18460.0,18499.0,18198.0,17848,17025,17899,17910,18090
290,ΜΟΡΙΑΚΗΣ ΒΙΟΛΟΓΙΑΣ ΚΑΙ ΓΕΝΕΤΙΚΗΣ (ΑΛΕΞΑΝΔΡΟΥΠΟΛΗ),16913.0,17547.0,17351.0,18261.0,17386.0,17536.0,17429.0,17577.0,,16914.0,17023.0,16626.0,17286.0,16838.0,18003.0,17855.0,17522.0,17009,15750,17043,16850,16715
291,ΦΑΡΜΑΚΕΥΤΙΚΗΣ (ΘΕΣΣΑΛΟΝΙΚΗ),17279.0,18075.0,18445.0,19081.0,18503.0,18668.0,18668.0,18948.0,,18225.0,18324.0,17801.0,18452.0,17922.0,18477.0,18480.0,18193.0,17793,16975,17881,17775,17925
293,ΦΑΡΜΑΚΕΥΤΙΚΗΣ (ΠΑΤΡΑ),16641.0,17806.0,18162.0,18687.0,18374.0,18573.0,18591.0,18836.0,,18034.0,18128.0,17624.0,18265.0,17708.0,18351.0,18352.0,18008.0,17593,16725,17722,17710,17830
294,ΕΠΙΣΤΗΜΗΣ ΔΙΑΙΤΟΛΟΓΙΑΣ ΚΑΙ ΔΙΑΤΡΟΦΗΣ (ΑΘΗΝΑ),17510.0,18282.0,18530.0,19046.0,18588.0,18698.0,18762.0,18831.0,,18077.0,18041.0,17068.0,17631.0,17145.0,18098.0,17937.0,17622.0,16980,15700,16958,16820,16782
295,ΙΑΤΡΙΚΗΣ (ΑΘΗΝΑ),18835.0,19114.0,19196.0,19347.0,19171.0,19250.0,19306.0,19476.0,,19153.0,19098.0,18916.0,19233.0,18924.0,19063.0,19143.0,19029.0,18724,18250,18826,18800,19000
297,ΙΑΤΡΙΚΗΣ (ΘΕΣΣΑΛΟΝΙΚΗ),18621.0,19009.0,19085.0,19173.0,19062.0,19091.0,19145.0,19360.0,,18946.0,19003.0,18605.0,19122.0,18686.0,18964.0,19046.0,18808.0,18585,18075,18654,18550,18800
299,ΙΑΤΡΙΚΗΣ (ΠΑΤΡΑ),18498.0,18911.0,18997.0,19139.0,18961.0,19031.0,19037.0,19240.0,,18781.0,18824.0,18449.0,18961.0,18494.0,18870.0,18902.0,18710.0,18398,17825,18421,18505,18735
300,ΙΑΤΡΙΚΗΣ (ΛΑΡΙΣΑ),18370.0,18851.0,18935.0,19220.0,18879.0,18946.0,18895.0,19150.0,,18613.0,18656.0,18185.0,18833.0,18308.0,18745.0,18803.0,18564.0,18249,17600,18300,18200,18450
301,ΙΑΤΡΙΚΗΣ (ΙΩΑΝΝΙΝΑ),18160.0,18769.0,18878.0,18988.0,18783.0,18917.0,18872.0,19105.0,,18566.0,18698.0,18158.0,18855.0,18339.0,18760.0,18841.0,18597.0,18265,17625,18341,18275,18475
302,ΙΑΤΡΙΚΗΣ (ΑΛΕΞΑΝΔΡΟΥΠΟΛΗ),17970.0,18660.0,18740.0,18892.0,18659.0,18811.0,18713.0,19006.0,,18369.0,18504.0,18067.0,18710.0,18174.0,18648.0,18713.0,18451.0,18123,17400,18159,18075,18300
303,ΟΔΟΝΤΙΑΤΡΙΚΗΣ (ΑΘΗΝΑ),17979.0,18592.0,18727.0,19115.0,18706.0,18858.0,18857.0,19128.0,,18487.0,18847.0,18039.0,18629.0,18115.0,18580.0,18640.0,18382.0,18026,17275,18058,17975,18125
304,ΙΑΤΡΙΚΗΣ (ΗΡΑΚΛΕΙΟ),18091.0,18736.0,18790.0,19006.0,18733.0,18879.0,18773.0,19034.0,,18480.0,18578.0,18197.0,18786.0,18259.0,18709.0,18786.0,18519.0,18194,17525,18231,18150,18400
305,ΟΔΟΝΤΙΑΤΡΙΚΗΣ (ΘΕΣΣΑΛΟΝΙΚΗ),17959.0,18587.0,18688.0,18888.0,18632.0,18790.0,18811.0,19069.0,,18355.0,18433.0,17979.0,18598.0,18054.0,18570.0,18625.0,18344.0,18002,17175,18035,18060,18200
306,ΝΟΣΗΛΕΥΤΙΚΗΣ (ΑΘΗΝΑ),14272.0,15206.0,15788.0,17631.0,16673.0,16690.0,17068.0,17158.0,,16558.0,16592.0,15919.0,16417.0,16210.0,17669.0,17520.0,17011.0,16075,14175,15553,15225,14875
307,ΚΤΗΝΙΑΤΡΙΚΗΣ (ΘΕΣΣΑΛΟΝΙΚΗ),16138.0,17328.0,17550.0,18251.0,18154.0,18311.0,18406.0,18690.0,,17928.0,18091.0,17587.0,18239.0,17670.0,18388.0,18413.0,18094.0,17764,16875,17672,17671,17812
308,ΚΤΗΝΙΑΤΡΙΚΗΣ (ΚΑΡΔΙΤΣΑ),15721.0,16953.0,17378.0,18095.0,17971.0,18197.0,18216.0,18475.0,,17584.0,17768.0,17308.0,17906.0,17360.0,18198.0,18200.0,17829.0,17407,16425,17396,17350,17375
309,ΟΙΚΟΝΟΜΙΚΩΝ ΕΠΙΣΤΗΜΩΝ (ΑΘΗΝΑ),16228.0,16847.0,16328.0,18096.0,,16800.0,16481.0,16512.0,,15044.0,15298.0,13551.0,14336.0,14602.0,14090.0,12738.0,12796.0,13087,13675,13617,13428,13818
310,ΓΕΩΓΡΑΦΙΑΣ (ΜΥΤΙΛΗΝΗ),11228.0,,,15038.0,10844.0,11600.0,9259.0,9559.0,,8576.0,8913.0,7584.0,7714.0,7648.0,5941.0,7157.0,7721.0,5450,3950,7686,7820,7630
311,ΟΙΚΟΝΟΜΙΚΩΝ ΕΠΙΣΤΗΜΩΝ (ΘΕΣΣΑΛΟΝΙΚΗ) - ΑΠΘ,16007.0,16590.0,16088.0,17979.0,,16573.0,16408.0,16472.0,,15192.0,15568.0,14084.0,14510.0,14609.0,13987.0,12812.0,12686.0,12987,13450,13408,12880,13020
312,ΟΙΚΟΝΟΜΙΚΗΣ ΕΠΙΣΤΗΜΗΣ (ΑΘΗΝΑ),17140.0,,,18579.0,,17798.0,17616.0,17779.0,,16794.0,16858.0,15165.0,16320.0,16370.0,15697.0,14943.0,15066.0,15725,15800,15888,15750,16250
313,ΟΡΓΑΝΩΣΗΣ ΚΑΙ ΔΙΟΙΚΗΣΗΣ ΕΠΙΧΕΙΡΗΣΕΩΝ (ΑΘΗΝΑ),17433.0,17935.0,17716.0,18894.0,,18058.0,17941.0,18158.0,,17181.0,17178.0,15486.0,16699.0,16409.0,15738.0,15014.0,15460.0,16087,16400,17146,16975,17400
314,ΜΑΡΚΕΤΙΝΓΚ ΚΑΙ ΕΠΙΚΟΙΝΩΝΙΑΣ (ΑΘΗΝΑ),18066.0,18349.0,18192.0,19019.0,,18065.0,17687.0,17653.0,,16290.0,16517.0,14708.0,14956.0,14933.0,14442.0,13201.0,13772.0,14458,15000,15617,15675,16200
315,ΟΙΚΟΝΟΜΙΚΗΣ ΕΠΙΣΤΗΜΗΣ (ΠΕΙΡΑΙΑΣ),16638.0,17238.0,16835.0,18006.0,,17212.0,16978.0,16938.0,,15596.0,15881.0,14204.0,15128.0,15251.0,14505.0,13167.0,13382.0,13843,14275,14290,14480,14920
316,ΟΡΓΑΝΩΣΗΣ ΚΑΙ ΔΙΟΙΚΗΣΗΣ ΕΠΙΧΕΙΡΗΣΕΩΝ (ΠΕΙΡΑΙΑΣ),16931.0,,,18407.0,,17490.0,17258.0,17286.0,,15987.0,16001.0,14267.0,15186.0,15174.0,14520.0,13292.0,13755.0,14186,14900,15163,15840,16390
317,ΟΙΚΟΝΟΜΙΚΩΝ ΕΠΙΣΤΗΜΩΝ (ΘΕΣΣΑΛΟΝΙΚΗ) - ΠΑΝ. ΜΑΚΕΔ.,16655.0,17276.0,16920.0,18272.0,,17260.0,17244.0,17346.0,,16468.0,16752.0,15469.0,15658.0,15763.0,14958.0,13931.0,13887.0,14146,14425,14276,13740,14040
318,ΣΤΑΤΙΣΤΙΚΗΣ ΚΑΙ ΑΣΦΑΛΙΣΤΙΚΗΣ ΕΠΙΣΤΗΜΗΣ (ΠΕΙΡΑΙΑΣ),15930.0,16496.0,15827.0,18003.0,,16303.0,15852.0,15834.0,,14242.0,14619.0,12666.0,13270.0,13795.0,12703.0,12543.0,11967.0,11710,12100,11673,12460,12615
319,ΟΙΚΟΝΟΜΙΚΩΝ ΕΠΙΣΤΗΜΩΝ (ΠΑΤΡΑ),15833.0,16432.0,15779.0,17843.0,,16436.0,15921.0,15887.0,,14009.0,14623.0,12304.0,13150.0,13654.0,13198.0,11960.0,11679.0,11270,12200,11735,12440,12378
320,ΔΙΟΙΚΗΣΗΣ ΕΠΙΧΕΙΡΗΣΕΩΝ (ΧΙΟΣ),15386.0,15807.0,14927.0,16888.0,,15701.0,15010.0,14802.0,,12081.0,12387.0,10605.0,11128.0,11372.0,11367.0,10103.0,10005.0,5305,5600,7495,8190,7925
321,ΟΙΚΟΝΟΜΙΚΩΝ ΕΠΙΣΤΗΜΩΝ (ΡΕΘΥΜΝΟ),15614.0,16117.0,15311.0,17516.0,,15918.0,15233.0,15266.0,,13491.0,13845.0,11782.0,12282.0,12801.0,12423.0,11043.0,10891.0,8910,10150,10384,11040,10885
322,ΟΡΓΑΝΩΣΗΣ ΚΑΙ ΔΙΟΙΚΗΣΗΣ ΕΠΙΧΕΙΡΗΣΕΩΝ (ΘΕΣΣΑΛΟΝΙΚΗ),16923.0,17440.0,17095.0,18562.0,,17449.0,17382.0,17448.0,,15980.0,16012.0,14207.0,14531.0,14627.0,14147.0,12984.0,13040.0,13558,14100,14417,14279,15097
323,ΕΠΙΣΤΗΜΗΣ ΦΥΤΙΚΗΣ ΠΑΡΑΓΩΓΗΣ (ΑΘΗΝΑ),13343.0,,,15691.0,13755.0,14564.0,13980.0,13838.0,,13058.0,14037.0,13694.0,14176.0,14060.0,16400.0,16233.0,15682.0,14119,12125,12560,12655,11240
324,ΕΠΙΣΤΗΜΗΣ ΖΩΙΚΗΣ ΠΑΡΑΓΩΓΗΣ (ΑΘΗΝΑ),13143.0,13940.0,13286.0,15659.0,13450.0,14160.0,13180.0,12881.0,,12275.0,13321.0,12337.0,12583.0,12667.0,15272.0,15320.0,14352.0,12619,10225,11804,12050,11520
325,ΒΙΟΤΕΧΝΟΛΟΓΙΑΣ (ΑΘΗΝΑ),15741.0,16189.0,15725.0,17337.0,15453.0,16123.0,16113.0,16332.0,,15027.0,15773.0,14531.0,15484.0,15413.0,17765.0,17508.0,17085.0,16588,15125,16406,16250,16195
326,ΑΓΡΟΤΙΚΗΣ ΟΙΚΟΝΟΜΙΑΣ ΚΑΙ ΑΝΑΠΤΥΞΗΣ (ΑΘΗΝΑ),15152.0,15707.0,14863.0,17689.0,14984.0,15564.0,15127.0,15183.0,,13699.0,14416.0,12669.0,12979.0,13373.0,15295.0,15227.0,13719.0,11370,11100,12311,12160,11990
327,ΑΞΙΟΠΟΙΗΣΗΣ ΦΥΣΙΚΩΝ ΠΟΡΩΝ ΚΑΙ ΓΕΩΡΓΙΚΗΣ ΜΗΧΑΝΙΚΗΣ (ΑΘΗΝΑ),13759.0,14552.0,13754.0,15938.0,13621.0,14235.0,13358.0,13035.0,,12384.0,13363.0,12454.0,12693.0,13119.0,15194.0,15047.0,14058.0,11810,10100,11860,11240,11325
328,ΕΠΙΣΤΗΜΗΣ ΤΡΟΦΙΜΩΝ ΚΑΙ ΔΙΑΤΡΟΦΗΣ ΤΟΥ ΑΝΘΡΩΠΟΥ (ΑΘΗΝΑ),15399.0,16144.0,15930.0,17776.0,15807.0,16705.0,16639.0,17166.0,,16139.0,16225.0,15073.0,15448.0,15055.0,17445.0,17083.0,16631.0,15787,14350,15296,15185,14950
329,ΣΤΑΤΙΣΤΙΚΗΣ (ΑΘΗΝΑ),15938.0,16431.0,15759.0,18416.0,15590.0,16270.0,15544.0,16016.0,,14325.0,14638.0,12788.0,13277.0,13488.0,13158.0,13511.0,13354.0,13337,13425,13316,13828,14268
330,ΠΛΗΡΟΦΟΡΙΚΗΣ ΚΑΙ ΤΗΛΕΠΙΚΟΙΝΩΝΙΩΝ (ΑΘΗΝΑ),17946.0,18178.0,18117.0,18785.0,17621.0,17789.0,17351.0,17787.0,,16684.0,16829.0,16359.0,17221.0,16707.0,16919.0,16509.0,16552.0,17015,16925,17537,17385,17785
331,ΗΛΕΚΤΡΟΛΟΓΩΝ ΜΗΧΑΝΙΚΩΝ ΚΑΙ ΜΗΧΑΝΙΚΩΝ ΥΠΟΛΟΓΙΣΤΩΝ (ΧΑΝΙΑ),17293.0,,,17590.0,17083.0,17484.0,16615.0,17142.0,,15250.0,15475.0,14452.0,15372.0,15040.0,15632.0,15730.0,15715.0,14880,14625,15472,14077,14785
332,ΜΗΧΑΝΟΛΟΓΩΝ ΜΗΧΑΝΙΚΩΝ (ΒΟΛΟΣ),16277.0,17183.0,17094.0,18099.0,17374.0,17840.0,17618.0,18224.0,,16895.0,17081.0,16449.0,17654.0,16426.0,16986.0,16455.0,16520.0,16120,16025,16784,16410,16720
333,ΠΛΗΡΟΦΟΡΙΚΗΣ (ΑΘΗΝΑ),17439.0,17706.0,17309.0,18591.0,16944.0,17320.0,16687.0,17035.0,,15263.0,15537.0,14926.0,15820.0,15576.0,15520.0,15632.0,15975.0,16433,16550,17245,17150,17670
334,ΠΑΙΔΑΓΩΓΙΚΟ ΔΗΜΟΤΙΚΗΣ ΕΚΠΑΙΔΕΥΣΗΣ (ΦΛΩΡΙΝΑ),13123.0,15301.0,15642.0,18453.0,16535.0,17352.0,17884.0,18158.0,,15889.0,14743.0,13256.0,13514.0,13438.0,10228.0,11444.0,13244.0,12647,12075,12636,12270,13020
336,ΒΙΟΜΗΧΑΝΙΚΗΣ ΔΙΟΙΚΗΣΗΣ ΚΑΙ ΤΕΧΝΟΛΟΓΙΑΣ (ΠΕΙΡΑΙΑΣ),15141.0,15933.0,16184.0,18637.0,16239.0,16760.0,16290.0,16361.0,,14736.0,15136.0,13352.0,13937.0,14304.0,13662.0,13034.0,12739.0,12695,13175,13100,12825,13240
337,ΛΟΓΙΣΤΙΚΗΣ ΚΑΙ ΧΡΗΜΑΤΟΟΙΚΟΝΟΜΙΚΗΣ (ΘΕΣΣΑΛΟΝΙΚΗ),17608.0,18172.0,17898.0,18536.0,,18268.0,18208.0,18358.0,,17836.0,17858.0,16953.0,17063.0,17007.0,16059.0,14756.0,14730.0,14917,14725,14500,14025,14275
338,ΠΛΗΡΟΦΟΡΙΚΗΣ (ΘΕΣΣΑΛΟΝΙΚΗ),17338.0,17641.0,17134.0,18346.0,16818.0,17132.0,17099.0,17578.0,,16340.0,16322.0,15529.0,16334.0,16018.0,16039.0,15793.0,16371.0,16653,16800,17339,17090,17730
339,ΠΛΗΡΟΦΟΡΙΚΗΣ (ΠΕΙΡΑΙΑΣ),17103.0,17458.0,16947.0,18248.0,16484.0,16925.0,16243.0,16449.0,,14735.0,15025.0,14382.0,15255.0,15114.0,15114.0,15165.0,15508.0,15998,16150,16799,16605,17220
340,ΜΗΧΑΝΙΚΩΝ ΗΛΕΚΤΡΟΝΙΚΩΝ ΥΠΟΛΟΓΙΣΤΩΝ ΚΑΙ ΠΛΗΡΟΦΟΡΙΚΗΣ (ΙΩΑΝΝΙΝΑ),16946.0,,,17982.0,16094.0,16541.0,15677.0,15894.0,,13534.0,13927.0,13719.0,14342.0,14405.0,13827.0,13647.0,13501.0,12386,12425,12620,14243,14762
341,ΠΑΙΔΑΓΩΓΙΚΟ ΝΗΠΙΑΓΩΓΩΝ (ΦΛΩΡΙΝΑ),12016.0,13442.0,13238.0,17497.0,14053.0,15752.0,16407.0,16851.0,,14159.0,13276.0,12004.0,12652.0,12525.0,8782.0,10351.0,12289.0,11408,10200,10719,10450,11150
342,ΑΡΧΕΙΟΝΟΜΙΑΣ ΒΙΒΛΙΟΘΗΚΟΝΟΜΙΑΣ ΚΑΙ ΜΟΥΣΕΙΟΛΟΓΙΑΣ (ΚΕΡΚΥΡΑ),11356.0,11733.0,10807.0,15312.0,11530.0,12847.0,12052.0,12454.0,,11297.0,14533.0,10326.0,11151.0,11028.0,11352.0,11652.0,10862.0,9279,7425,8573,9260,9700
344,ΜΗΧΑΝΙΚΩΝ ΠΛΗΡΟΦΟΡΙΑΚΩΝ ΚΑΙ ΕΠΙΚΟΙΝΩΝΙΑΚΩΝ ΣΥΣΤΗΜΑΤΩΝ (ΣΑΜΟΣ),16015.0,16607.0,15512.0,16677.0,15083.0,15379.0,13519.0,14110.0,,11097.0,11328.0,9811.0,10562.0,10751.0,9823.0,10597.0,9467.0,6160,3150,9203,9305,9985
345,ΟΙΚΟΝΟΜΙΚΩΝ ΕΠΙΣΤΗΜΩΝ (ΙΩΑΝΝΙΝΑ),15783.0,16316.0,15522.0,17924.0,,16182.0,15704.0,15781.0,,14104.0,14757.0,12667.0,13209.0,13402.0,12759.0,11581.0,11356.0,11023,11925,11395,11850,11475
346,ΔΙΟΙΚΗΣΗΣ ΕΠΙΧΕΙΡΗΣΕΩΝ ΑΓΡΟΤΙΚΩΝ ΠΡΟΪΟΝΤΩΝ ΚΑΙ ΤΡΟΦΙΜΩΝ (ΑΓΡΙΝΙΟ),13081.0,13546.0,13050.0,15727.0,,14568.0,12927.0,11558.0,,11609.0,11374.0,9497.0,8003.0,9229.0,9951.0,8482.0,8344.0,4860,4575,0,0,0
347,ΛΟΓΙΣΤΙΚΗΣ ΚΑΙ ΧΡΗΜΑΤΟΟΙΚΟΝΟΜΙΚΗΣ (ΑΘΗΝΑ),17687.0,18186.0,17970.0,18847.0,,18563.0,18474.0,18536.0,,17844.0,17914.0,16838.0,17775.0,17257.0,16863.0,15955.0,15854.0,16371,16325,16509,15695,16200
348,ΚΟΙΝΩΝΙΟΛΟΓΙΑΣ (ΜΥΤΙΛΗΝΗ),11297.0,11689.0,11090.0,15267.0,11694.0,13076.0,12811.0,12821.0,,11878.0,12531.0,11286.0,12073.0,11523.0,12010.0,12376.0,11689.0,11187,9125,8865,8940,9180
350,ΟΙΚΟΝΟΜΙΚΩΝ ΕΠΙΣΤΗΜΩΝ (ΒΟΛΟΣ),15758.0,16366.0,15585.0,18066.0,,16265.0,15847.0,15942.0,,14376.0,14951.0,12978.0,13458.0,13804.0,13165.0,11676.0,11840.0,11703,12625,11995,12186,12247
351,ΠΟΛΙΤΙΚΗΣ ΕΠΙΣΤΗΜΗΣ (ΡΕΘΥΜΝΟ),12414.0,12717.0,12027.0,16145.0,12319.0,13605.0,13121.0,13331.0,,12145.0,11571.0,11674.0,12448.0,11962.0,12517.0,13144.0,12470.0,11061,10375,9546,9075,9425
352,ΔΙΟΙΚΗΣΗΣ ΕΠΙΧΕΙΡΗΣΕΩΝ (ΠΑΤΡΑ),16066.0,16584.0,15901.0,,,16571.0,16297.0,16495.0,,13912.0,13981.0,11681.0,12383.0,12849.0,12307.0,11386.0,11165.0,9823,11150,10943,11425,11500
353,ΑΓΡΟΤΙΚΗΣ ΑΝΑΠΤΥΞΗΣ (ΟΡΕΣΤΙΑΔΑ),12100.0,,,15260.0,13044.0,13973.0,12023.0,11835.0,,11437.0,10724.0,10461.0,10656.0,10426.0,11953.0,11846.0,10805.0,7297,3825,9490,9525,8650
354,ΠΟΛΙΤΙΣΜΙΚΗΣ ΤΕΧΝΟΛΟΓΙΑΣ ΚΑΙ ΕΠΙΚΟΙΝΩΝΙΑΣ (ΜΥΤΙΛΗΝΗ),11748.0,11886.0,11387.0,14844.0,11444.0,12459.0,11529.0,11422.0,,11123.0,11892.0,10372.0,11031.0,10828.0,11060.0,11397.0,10511.0,8898,7100,8526,8650,8935
355,ΔΙΕΘΝΩΝ ΚΑΙ ΕΥΡΩΠΑΪΚΩΝ ΣΠΟΥΔΩΝ (ΠΕΙΡΑΙΑΣ),15995.0,15653.0,15406.0,18756.0,15225.0,16107.0,16690.0,16654.0,,16742.0,16904.0,17541.0,18178.0,18090.0,17987.0,18255.0,18578.0,18163,18145,17689,16960,17560
356,ΓΕΩΓΡΑΦΙΑΣ (ΑΘΗΝΑ),12657.0,13673.0,12763.0,17918.0,13230.0,14154.0,13039.0,13570.0,,11684.0,12363.0,10944.0,11427.0,11595.0,11324.0,11188.0,10154.0,8647,9375,10307,10775,10775
357,ΠΟΛΙΤΙΚΩΝ ΕΠΙΣΤΗΜΩΝ (ΘΕΣΣΑΛΟΝΙΚΗ),14142.0,14151.0,13615.0,18944.0,13925.0,14940.0,15463.0,15676.0,,15623.0,16354.0,15885.0,16666.0,16053.0,16215.0,16343.0,16370.0,15581,15800,15210,13780,14610
360,ΓΕΩΠΟΝΙΑΣ ΙΧΘΥΟΛΟΓΙΑΣ ΚΑΙ ΥΔΑΤΙΝΟΥ ΠΕΡΙΒΑΛΛΟΝΤΟΣ (ΒΟΛΟΣ),12838.0,13699.0,12773.0,16615.0,13142.0,13794.0,12344.0,12358.0,,11364.0,11805.0,10399.0,10812.0,10799.0,13317.0,13570.0,12284.0,8807,6550,10720,9525,9325
361,ΟΙΚΟΝΟΜΙΚΩΝ ΕΠΙΣΤΗΜΩΝ (ΤΡΙΠΟΛΗ),,,15418.0,17651.0,,15975.0,15458.0,15361.0,,13400.0,13811.0,11567.0,12031.0,12371.0,12043.0,10749.0,10648.0,7566,9175,9491,9770,9470
362,ΘΕΑΤΡΙΚΩΝ ΣΠΟΥΔΩΝ (ΝΑΥΠΛΙΟ),,,10835.0,17201.0,11420.0,12643.0,12330.0,12367.0,,12289.0,11344.0,10821.0,11492.0,11318.0,11338.0,11838.0,10955.0,9721,7900,8225,9125,0
363,ΜΗΧΑΝΙΚΩΝ ΧΩΡΟΤΑΞΙΑΣ ΚΑΙ ΑΝΑΠΤΥΞΗΣ (ΘΕΣΣΑΛΟΝΙΚΗ),,,,17017.0,16213.0,16848.0,16277.0,16496.0,,13033.0,13279.0,12329.0,13000.0,12954.0,12794.0,12297.0,10913.0,9265,9750,10071,11075,11575
366,ΠΛΗΡΟΦΟΡΙΚΗΣ (ΚΕΡΚΥΡΑ),,,,17432.0,15530.0,15892.0,14757.0,15086.0,,12806.0,12738.0,10663.0,11399.0,11596.0,11846.0,11926.0,11583.0,10745,10350,10011,10770,10290
367,ΤΕΧΝΩΝ ΗΧΟΥ ΚΑΙ ΕΙΚΟΝΑΣ (ΚΕΡΚΥΡΑ),,,,16779.0,12687.0,13666.0,12867.0,13193.0,,12388.0,12387.0,11002.0,11415.0,11351.0,12056.0,12297.0,11223.0,10137,8600,9464,9725,9670
369,ΠΛΗΡΟΦΟΡΙΚΗΣ ΜΕ ΕΦΑΡΜΟΓΕΣ ΣΤΗ ΒΙΟΪΑΤΡΙΚΗ (ΛΑΜΙΑ),,,,,15223.0,15745.0,14538.0,14891.0,,12948.0,12831.0,11771.0,12236.0,12617.0,16087.0,16045.0,14815.0,12650,10650,11274,11825,12525
370,ΑΡΧΙΤΕΚΤΟΝΩΝ ΜΗΧΑΝΙΚΩΝ (ΧΑΝΙΑ),,,,19684.0,20095.0,20879.0,20695.0,21194.0,,19532.0,18921.0,16027.0,15672.0,15414.0,13142.0,14094.0,12773.0,11859,12760,14099,13950,14630
372,ΕΠΙΣΤΗΜΗΣ ΤΡΟΦΙΜΩΝ ΚΑΙ ΔΙΑΤΡΟΦΗΣ (ΛΗΜΝΟΣ),,,,,,,,,,12391.0,12107.0,11108.0,11258.0,11206.0,13156.0,12846.0,11770.0,9819,7050,9217,9525,9325
373,ΠΟΛΙΤΙΚΗΣ ΕΠΙΣΤΗΜΗΣ (ΚΟΜΟΤΗΝΗ),,,,,,,,,,12927.0,13052.0,11551.0,12401.0,12655.0,13108.0,13769.0,13140.0,12372,11850,11021,9685,10115
384,ΘΕΩΡΙΑΣ ΚΑΙ ΙΣΤΟΡΙΑΣ ΤΗΣ ΤΕΧΝΗΣ (ΑΘΗΝΑ),,,,,,14165.0,14327.0,14489.0,,15294.0,15952.0,12837.0,13537.0,13516.0,13417.0,13508.0,13682.0,12739,11900,11544,10570,10500
385,ΞΕΝΩΝ ΓΛΩΣΣΩΝ ΜΕΤΑΦΡΑΣΗΣ ΚΑΙ ΔΙΕΡΜΗΝΕΙΑΣ (ΚΕΡΚΥΡΑ),19320.0,19452.0,19087.0,19169.0,19158.0,19312.0,19056.0,19194.0,,19197.0,19543.0,15834.0,17209.0,,16124.0,15771.0,17317.0,16019,13640,16778,16880,17720
387,ΗΛΕΚΤΡΟΛΟΓΩΝ ΚΑΙ ΗΛΕΚΤΡΟΝΙΚΩΝ ΜΗΧΑΝΙΚΩΝ (ΑΙΓΑΛΕΩ),,,,,,,,,,,,,,,,,,11247,10700,11645,11730,12000
388,ΜΗΧΑΝΙΚΩΝ ΒΙΟΪΑΤΡΙΚΗΣ (ΑΙΓΑΛΕΩ),,,,,,,,,,,,,,,,,,14193,13000,14004,14130,13655
389,ΜΗΧΑΝΙΚΩΝ ΒΙΟΜΗΧΑΝΙΚΗΣ ΣΧΕΔΙΑΣΗΣ ΚΑΙ ΠΑΡΑΓΩΓΗΣ (ΑΙΓΑΛΕΩ),,,,,,,,,,,,,,,,,,9668,9900,10417,10840,10988
390,ΜΗΧΑΝΙΚΩΝ ΠΛΗΡΟΦΟΡΙΚΗΣ ΚΑΙ ΥΠΟΛΟΓΙΣΤΩΝ (ΑΙΓΑΛΕΩ),,,,,,,,,,,,,,,,,,13678,13975,14464,14792,15276
391,ΜΗΧΑΝΙΚΩΝ ΤΟΠΟΓΡΑΦΙΑΣ ΚΑΙ ΓΕΩΠΛΗΡΟΦΟΡΙΚΗΣ (ΑΙΓΑΛΕΩ),,,,,,,,,,,,,,,,,,9003,8775,9648,9920,10160
392,ΜΗΧΑΝΟΛΟΓΩΝ ΜΗΧΑΝΙΚΩΝ (ΑΙΓΑΛΕΩ),,,,,,,,,,,,,,,,,,12994,12500,12984,13089,13620
393,ΝΑΥΠΗΓΩΝ ΜΗΧΑΝΙΚΩΝ (ΑΙΓΑΛΕΩ),,,,,,,,,,,,,,,,,,12818,12200,12894,12470,12620
394,ΠΟΛΙΤΙΚΩΝ ΜΗΧΑΝΙΚΩΝ (ΑΙΓΑΛΕΩ),,,,,,,,,,,,,,,,,,10014,9975,10779,10780,11345
400,ΟΡΓΑΝΩΣΗΣ ΚΑΙ ΔΙΑΧΕΙΡΙΣΗΣ ΑΘΛΗΤΙΣΜΟΥ (ΣΠΑΡΤΗ),,,,,,13685.0,12105.0,10669.0,,10246.0,9939.0,9307.0,8587.0,8942.0,10287.0,9431.0,9173.0,5918,6025,7554,8375,8500
401,ΕΠΙΣΤΗΜΗΣ ΦΥΣΙΚΗΣ ΑΓΩΓΗΣ ΚΑΙ ΑΘΛΗΤΙΣΜΟΥ (ΑΘΗΝΑ),13040.0,13315.0,12753.0,14749.0,13643.0,14863.0,15438.0,15718.0,,15310.0,15615.0,15744.0,16766.0,16322.0,17793.0,17793.0,17924.0,17501,17450,17416,16816,16999
402,ΕΠΙΣΤΗΜΗΣ ΦΥΣΙΚΗΣ ΑΓΩΓΗΣ ΚΑΙ ΑΘΛΗΤΙΣΜΟΥ (ΣΕΡΡΕΣ),12272.0,12535.0,12021.0,12590.0,12485.0,13493.0,13661.0,13726.0,,13417.0,13116.0,13515.0,14090.0,14149.0,15411.0,15505.0,15825.0,15017,14609,14056,13479,13235
403,ΕΠΙΣΤΗΜΗΣ ΦΥΣΙΚΗΣ ΑΓΩΓΗΣ ΚΑΙ ΑΘΛΗΤΙΣΜΟΥ (ΘΕΣΣΑΛΟΝΙΚΗ),12864.0,13085.0,12746.0,13378.0,13207.0,14306.0,14685.0,15027.0,,14545.0,14548.0,15235.0,16183.0,15924.0,17098.0,17166.0,17588.0,17045,17116,17180,16289,16406
404,ΕΠΙΣΤΗΜΗΣ ΦΥΣΙΚΗΣ ΑΓΩΓΗΣ ΚΑΙ ΑΘΛΗΤΙΣΜΟΥ (ΚΟΜΟΤΗΝΗ),11782.0,11933.0,11543.0,11467.0,11973.0,13022.0,13089.0,13323.0,,12781.0,12514.0,12886.0,13618.0,13736.0,15033.0,15096.0,15352.0,14617,13941,13171,12479,12791
405,ΕΠΙΣΤΗΜΗΣ ΦΥΣΙΚΗΣ ΑΓΩΓΗΣ ΚΑΙ ΑΘΛΗΤΙΣΜΟΥ (ΤΡΙΚΑΛΑ),12432.0,12743.0,12172.0,12750.0,12606.0,13664.0,13675.0,13937.0,,13826.0,13586.0,13859.0,14651.0,14577.0,15834.0,15882.0,16372.0,15828,15666,15054,14511,14906
406,ΜΟΥΣΙΚΩΝ ΣΠΟΥΔΩΝ (ΘΕΣΣΑΛΟΝΙΚΗ),7893.0,12516.0,12778.0,11236.0,12046.0,12227.0,15864.0,15819.0,,17795.0,11932.0,14287.0,6368.0,13812.0,13608.0,12575.0,15095.0,13578,14120,11377,11215,9810
407,ΜΟΥΣΙΚΩΝ ΣΠΟΥΔΩΝ (ΚΕΡΚΥΡΑ),8520.0,,,10973.0,11443.0,12119.0,12620.0,11901.0,,12611.0,7352.0,11321.0,6690.0,11472.0,11605.0,10524.0,12000.0,13120,12470,12820,13350,12380
408,ΜΟΥΣΙΚΩΝ ΣΠΟΥΔΩΝ (ΑΘΗΝΑ),12866.0,14278.0,13911.0,13564.0,12772.0,11814.0,14398.0,12316.0,,13513.0,6465.0,13135.0,5272.0,13316.0,13352.0,11881.0,13454.0,13020,9950,10263,11360,11130
409,ΜΟΥΣΙΚΗΣ ΕΠΙΣΤΗΜΗΣ ΚΑΙ ΤΕΧΝΗΣ (ΘΕΣΣΑΛΟΝΙΚΗ),10826.0,13926.0,13713.0,13418.0,16601.0,15620.0,17411.0,17321.0,,18545.0,17908.0,16121.0,8287.0,15614.0,15750.0,15126.0,17028.0,14430,14790,14450,14860,14960
411,ΠΟΛΙΤΙΚΗΣ ΕΠΙΣΤΗΜΗΣ ΚΑΙ ΔΙΕΘΝΩΝ ΣΧΕΣΕΩΝ (ΚΟΡΙΝΘΟΣ),11778.0,13076.0,12971.0,15443.0,,13743.0,13971.0,14016.0,,13141.0,13337.0,13287.0,13784.0,13777.0,14039.0,14397.0,14423.0,13046,13000,11237,11480,11400
412,ΠΛΗΡΟΦΟΡΙΚΗΣ ΚΑΙ ΤΗΛΕΜΑΤΙΚΗΣ (ΑΘΗΝΑ),11440.0,12091.0,12133.0,14304.0,,16775.0,16185.0,16368.0,,14765.0,14989.0,13858.0,14530.0,14715.0,14557.0,14730.0,14782.0,15139,15575,16082,16220,16910
413,ΠΡΟΓΡΑΜΜΑ ΙΕΡΑΤΙΚΩΝ ΣΠΟΥΔΩΝ ΑΘΗΝΑΣ,17836.0,16744.0,17035.0,17097.0,,9660.0,9958.0,9524.0,,9964.0,9432.0,9552.0,10081.0,9878.0,10309.0,10255.0,10071.0,8197,6650,8753,15425,11895
414,ΠΡΟΓΡΑΜΜΑ ΙΕΡΑΤΙΚΩΝ ΣΠΟΥΔΩΝ ΘΕΣ/ΝΙΚΗΣ,11877.0,11926.0,11556.0,19167.0,,9616.0,9593.0,9496.0,,9604.0,9003.0,9152.0,9824.0,9651.0,10048.0,10203.0,10103.0,8244,6725,0,0,0
415,ΠΡΟΓΡΑΜΜΑ ΙΕΡΑΤΙΚΩΝ ΣΠΟΥΔΩΝ ΒΕΛΛΑΣ ΙΩΑΝΝΙΝΩΝ,13972.0,14595.0,14071.0,14930.0,,10005.0,9229.0,10024.0,,9312.0,8592.0,8308.0,9472.0,9066.0,9945.0,9384.0,9867.0,7887,6400,0,0,0
416,ΠΡΟΓΡΑΜΜΑ ΙΕΡΑΤΙΚΩΝ ΣΠΟΥΔΩΝ ΗΡΑΚΛΕΙΟΥ ΚΡΗΤΗΣ,16548.0,16729.0,15656.0,16185.0,,9311.0,9416.0,9715.0,,9257.0,8452.0,8022.0,9224.0,8595.0,9800.0,8674.0,9667.0,7657,6175,10475,10335,0
417,ΠΡΟΓΡΑΜΜΑ ΕΚΚΛΗΣΙΑΣΤΙΚΗΣ ΜΟΥΣΙΚΗΣ ΚΑΙ ΨΑΛΤΙΚΗΣ ΒΕΛΛΑΣ ΙΩΑΝΝΙΝΩΝ,13748.0,14557.0,14022.0,14501.0,,9299.0,10633.0,10399.0,,10289.0,9783.0,9493.0,9976.0,9977.0,10708.0,10320.0,10672.0,8575,6925,0,0,0
418,ΠΡΟΓΡΑΜΜΑ ΕΚΚΛΗΣΙΑΣΤΙΚΗΣ ΜΟΥΣΙΚΗΣ ΚΑΙ ΨΑΛΤΙΚΗΣ ΗΡΑΚΛΕΙΟΥ ΚΡΗΤΗΣ,15518.0,15744.0,15052.0,16353.0,,9541.0,10384.0,10111.0,,10140.0,9527.0,8879.0,9769.0,9729.0,10624.0,9685.0,10956.0,8567,6875,8832,0,0
419,ΠΡΟΓΡΑΜΜΑ ΔΙΑΧΕΙΡΙΣΗΣ ΕΚΚΛΗΣΙΑΣΤΙΚΩΝ ΚΕΙΜΗΛΙΩΝ ΑΘΗΝΑΣ,15206.0,15383.0,14720.0,15725.0,,9046.0,8984.0,9245.0,,7149.0,7958.0,8192.0,7967.0,8180.0,6235.0,6642.0,8738.0,6551,4750,0,0,0
420,ΠΡΟΓΡΑΜΜΑ ΔΙΑΧΕΙΡΙΣΗΣ ΕΚΚΛΗΣΙΑΣΤΙΚΩΝ ΚΕΙΜΗΛΙΩΝ ΘΕΣΣΑΛΟΝΙΚΗΣ,13617.0,12152.0,11917.0,14210.0,,9453.0,8988.0,9067.0,,7279.0,7939.0,8279.0,8394.0,8474.0,6526.0,6678.0,8300.0,7376,5000,0,0,0
476,ΜΗΧΑΝΙΚΩΝ ΠΕΡΙΒΑΛΛΟΝΤΟΣ (ΞΑΝΘΗ),15734.0,16619.0,16321.0,17498.0,16469.0,17127.0,16752.0,17051.0,,14533.0,14621.0,12038.0,10518.0,11401.0,11417.0,11884.0,9561.0,7270,6750,9300,9200,9050
477,"ΕΚΠΑΙΔΕΥΤΙΚΩΝ ΜΗΧΑΝΟΛΟΓΩΝ ΜΗΧΑΝΙΚΩΝ ",12218.0,13143.0,12753.0,15262.0,13077.0,13772.0,13312.0,13711.0,,,11725.0,10317.0,10180.0,10482.0,8712.0,9787.0,9555.0,8263,7400,10205,10005,10350
497,ΕΚΠΑΙΔΕΥΤΙΚΩΝ ΗΛΕΚΤΡΟΛΟΓΩΝ ΜΗΧΑΝΙΚΩΝ ΚΑΙ ΕΚΠΑΙΔΕΥΤΙΚΩΝ  ΗΛΕΚΤΡΟΝΙΚΩΝ ΜΗΧΑΝΙΚΩΝ - ΕΚΠΑΙΔΕΥΤΙΚΩΝ ΗΛΕΚΤΡΟΛΟΓΩΝ ΜΗΧΑΝΙΚΩΝ,12322.0,13115.0,12548.0,15506.0,13000.0,13684.0,12658.0,13171.0,,,11006.0,9552.0,9543.0,10079.0,7648.0,9299.0,9046.0,7293,6550,9298,9445,10855
507,ΕΚΠΑΙΔΕΥΤΙΚΩΝ ΗΛΕΚΤΡΟΛΟΓΩΝ ΜΗΧΑΝΙΚΩΝ ΚΑΙ ΕΚΠΑΙΔΕΥΤΙΚΩΝ ΗΛΕΚΤΡΟΝΙΚΩΝ ΜΗΧΑΝΙΚΩΝ- ΕΚΠΑΙΔΕΥΤΙΚΩΝ ΗΛΕΚΤΡΟΝΙΚΩΝ ΜΗΧΑΝΙΚΩΝ,12780.0,13737.0,13247.0,15545.0,13228.0,13838.0,12621.0,12875.0,,,10806.0,9629.0,9448.0,10018.0,6450.0,8921.0,8669.0,6631,5650,9161,9695,11145
612,ΟΙΚΟΝΟΜΙΚΗΣ ΚΑΙ ΔΙΟΙΚΗΣΗΣ ΤΟΥΡΙΣΜΟΥ (ΧΙΟΣ),,,,,,,,,,,,,,,,,10242.0,5925,5900,8294,10860,10890
613,ΑΝΩΤΕΡΗ ΣΧΟΛΗ ΤΟΥΡΙΣΤΙΚΗΣ ΕΚΠΑΙΔΕΥΣΗΣ ΡΟΔΟΥ (ΑΣΤΕΡ),10094.0,,,10275.0,,10749.0,11008.0,11141.0,,,5191.0,8401.0,7516.0,,12465.0,13388.0,12988.0,11391,9000,9721,11256,11628
614,ΑΝΩΤΕΡΗ ΣΧΟΛΗ ΤΟΥΡΙΣΤΙΚΗΣ ΕΚΠΑΙΔΕΥΣΗΣ ΚΡΗΤΗΣ (ΑΣΤΕΚ),8730.0,,,,,11648.0,11153.0,11273.0,,,4304.0,7268.0,4395.0,6951.0,12378.0,13605.0,13461.0,12079,9385,9955,11472,11852
668,ΑΡΧΕΙΟΝΟΜΙΑΣ ΒΙΒΛΙΟΘΗΚΟΝΟΜΙΑΣ ΚΑΙ ΣΥΣΤΗΜΑΤΩΝ ΠΛΗΡΟΦΟΡΗΣΗΣ (ΑΙΓΑΛΕΩ),,,,,,,,,,,,,,,,,,11100,10225,10294,10070,16190
669,ΔΙΟΙΚΗΣΗΣ ΕΠΙΧΕΙΡΗΣΕΩΝ (ΑΙΓΑΛΕΩ),,,,,,,,,,,,,,,,,,11136,12125,11623,11560,12010
670,ΔΙΟΙΚΗΣΗΣ ΤΟΥΡΙΣΜΟΥ (ΑΙΓΑΛΕΩ),,,,,,,,,,,,,,,,,,10619,11135,10000,12850,13380
671,ΚΟΙΝΩΝΙΚΗΣ ΕΡΓΑΣΙΑΣ (ΑΙΓΑΛΕΩ),,,,,,,,,,,,,,,,,,16066,16500,16584,15440,13280
672,ΛΟΓΙΣΤΙΚΗΣ ΚΑΙ ΧΡΗΜΑΤΟΟΙΚΟΝΟΜΙΚΗΣ (ΑΙΓΑΛΕΩ),,,,,,,,,,,,,,,,,,11505,12350,11349,12057,12119
673,ΑΓΩΓΗΣ ΚΑΙ ΦΡΟΝΤΙΔΑΣ ΣΤΗΝ ΠΡΩΙΜΗ ΠΑΙΔΙΚΗ ΗΛΙΚΙΑ (ΑΙΓΑΛΕΩ),,,,,,,,,,,,,,,,,,13372,12925,12521,12640,13280
674,ΓΡΑΦΙΣΤΙΚΗΣ ΚΑΙ ΟΠΤΙΚΗΣ ΕΠΙΚΟΙΝΩΝΙΑΣ (ΑΙΓΑΛΕΩ),,,,,,,,,,,,,,,,,,7577,8335,11466,11840,13725
675,ΕΣΩΤΕΡΙΚΗΣ ΑΡΧΙΤΕΚΤΟΝΙΚΗΣ (ΑΙΓΑΛΕΩ),,,,,,,,,,,,,,,,,,8092,9910,12613,12775,12535
676,ΣΥΝΤΗΡΗΣΗΣ ΑΡΧΑΙΟΤΗΤΩΝ ΚΑΙ ΕΡΓΩΝ ΤΕΧΝΗΣ (ΑΙΓΑΛΕΩ),,,,,,,,,,,,,,,,,,5196,5585,10412,8980,10200
677,ΦΩΤΟΓΡΑΦΙΑΣ ΚΑΙ ΟΠΤΙΚΟΑΚΟΥΣΤΙΚΩΝ ΤΕΧΝΩΝ (ΑΙΓΑΛΕΩ),,,,,,,,,,,,,,,,,,11724,11350,11451,11745,11705
678,ΒΙΟΪΑΤΡΙΚΩΝ ΕΠΙΣΤΗΜΩΝ (ΑΙΓΑΛΕΩ),,,,,,,,,,,,,,,,,,14622,13150,14469,14440,13975
679,ΔΗΜΟΣΙΑΣ ΚΑΙ ΚΟΙΝΟΤΙΚΗΣ ΥΓΕΙΑΣ (ΑΘΗΝΑ),,,,,,,,,,,,,,,,,,11936,9825,10631,11285,11045
680,ΕΡΓΟΘΕΡΑΠΕΙΑΣ (ΑΙΓΑΛΕΩ),,,,,,,,,,,,,,,,,,15836,13775,14960,14770,14680
681,ΜΑΙΕΥΤΙΚΗΣ (ΑΙΓΑΛΕΩ),,,,,,,,,,,,,,,,,,14622,12425,13418,13375,12850
682,ΝΟΣΗΛΕΥΤΙΚΗΣ (ΑΙΓΑΛΕΩ),,,,,,,,,,,,,,,,,,14118,11425,12790,13225,12850
683,ΦΥΣΙΚΟΘΕΡΑΠΕΙΑΣ (ΑΙΓΑΛΕΩ),,,,,,,,,,,,,,,,,,16222,15025,16301,15925,15825
684,ΕΠΙΣΤΗΜΗΣ ΚΑΙ ΤΕΧΝΟΛΟΓΙΑΣ ΤΡΟΦΙΜΩΝ (ΑΙΓΑΛΕΩ),,,,,,,,,,,,,,,,,,14325,12675,13506,13720,13230
685,ΕΠΙΣΤΗΜΩΝ ΟΙΝΟΥ ΑΜΠΕΛΟΥ ΚΑΙ ΠΟΤΩΝ (ΑΙΓΑΛΕΩ),,,,,,,,,,,,,,,,,,11650,9975,11911,11460,10880
776,ΕΚΠΑΙΔΕΥΤΙΚΩΝ ΠΟΛΙΤΙΚΩΝ ΜΗΧΑΝΙΚΩΝ,,,,,,,,,,,,10019.0,9685.0,10089.0,7160.0,9162.0,8863.0,6678,5725,10126,9925,10775
779,ΑΡΧΙΤΕΚΤΟΝΩΝ ΜΗΧΑΝΙΚΩΝ (ΙΩΑΝΝΙΝΑ),,,,,,,,,,,,,,15454.0,13802.0,14445.0,13111.0,12836,14505,16807,15570,16675
780,ΘΕΟΛΟΓΙΑΣ (ΘΕΣΣΑΛΟΝΙΚΗ) - ΜΟΥΣΟΥΛΜΑΝΙΚΩΝ ΣΠΟΥΔΩΝ,,,,,,,,,,,,,,,,11290.0,10444.0,8717,7225,9771,9775,11400
801,ΕΥΕΛΠΙΔΩΝ (ΣΣΕ) - ΟΠΛΑ,11799.0,997.0,13820.0,17059.0,13585.0,13909.0,14468.0,14733.0,,4863.0,1615.0,16105.0,16890.0,16064.0,16095.0,16001.0,15990.0,15737,15200,14022,14025,12220
806,ΕΥΕΛΠΙΔΩΝ (ΣΣΕ) - ΣΩΜΑΤΑ,16286.0,997.0,17521.0,18995.0,16816.0,17580.0,14813.0,17144.0,,5914.0,17771.0,17608.0,18536.0,17355.0,17642.0,17411.0,17250.0,17039,16725,16335,15810,15555
811,ΝΑΥΤΙΚΩΝ ΔΟΚΙΜΩΝ (ΣΝΔ) ΜΑΧΙΜΟΙ,13659.0,998.0,15350.0,17621.0,16539.0,15765.0,16073.0,16287.0,,15598.0,16898.0,17052.0,18143.0,17389.0,17662.0,17262.0,17652.0,16895,16175,15344,14525,12744
816,ΝΑΥΤΙΚΩΝ ΔΟΚΙΜΩΝ (ΣΝΔ) ΜΗΧΑΝΙΚΟΙ,14361.0,,16504.0,19116.0,17210.0,16343.0,17387.0,18309.0,,16470.0,17592.0,17817.0,18425.0,,17838.0,17723.0,17728.0,17463,16700,16659,14407,13799
817,ΣΧΟΛΗ ΠΛΟΙΑΡΧΩΝ,3868.0,,,14542.0,8866.0,8880.0,8900.0,8874.0,,8770.0,10851.0,10651.0,10338.0,10278.0,11036.0,10549.0,9932.0,9827,10025,7614,8375,8350
818,ΣΧΟΛΗ ΜΗΧΑΝΙΚΩΝ,3103.0,,,13051.0,9494.0,9562.0,8822.0,9931.0,,7826.0,10321.0,9955.0,9337.0,9848.0,9524.0,8889.0,8466.0,8468,7550,7331,8375,8375
821,ΙΚΑΡΩΝ (ΣΙ) ΙΠΤΑΜΕΝΟΙ,11150.0,992.0,12376.0,16254.0,11162.0,13461.0,14264.0,15524.0,,13812.0,17188.0,16819.0,17875.0,17189.0,17786.0,17127.0,17393.0,16833,16875,16994,16135,16125
826,ΙΚΑΡΩΝ (ΣΙ) ΜΗΧΑΝΙΚΟΙ (ΣΜΑ),17669.0,998.0,18161.0,19459.0,17974.0,18413.0,9762.0,18658.0,,16276.0,19065.0,19058.0,19225.0,18904.0,18625.0,18948.0,18529.0,18576,18250,18557,17850,18290
827,ΙΚΑΡΩΝ (ΣΙ) ΕΛΕΓΚΤΕΣ ΑΕΡΑΜΥΝΑΣ,,,,,,,,,,15619.0,,,,,,,,18121,17500,17830,17325,18005
831,ΙΑΤΡΙΚΟ (ΣΣΑΣ) ΘΕΣ/ΝΙΚΗΣ,17403.0,998.0,11064.0,19387.0,18327.0,18661.0,18526.0,14959.0,,10251.0,19216.0,19207.0,19330.0,18994.0,19088.0,19141.0,18915.0,18674,17650,18155,17925,18050
836,ΟΔΟΝΤΙΑΤΡΙΚΟ (ΣΣΑΣ) ΘΕΣ/ΝΙΚΗΣ,17249.0,997.0,11563.0,19383.0,18284.0,18621.0,19094.0,19104.0,,18537.0,18993.0,18889.0,19144.0,,18992.0,18968.0,18694.0,18490,18075,18117,17920,18200
841,ΚΤΗΝΙΑΤΡΙΚΟ (ΣΣΑΣ) ΘΕΣ/ΝΙΚΗΣ,17003.0,996.0,18224.0,19354.0,18109.0,18555.0,15422.0,18929.0,,18519.0,18916.0,18524.0,19050.0,,18827.0,18816.0,18526.0,18032,17250,17707,17776,18044
846,ΦΑΡΜΑΚΕΥΤΙΚΟ (ΣΣΑΣ) ΘΕΣ/ΝΙΚΗΣ,17172.0,997.0,18715.0,19363.0,18553.0,18643.0,17220.0,19078.0,,8509.0,1917.0,1886.0,18987.0,,18913.0,18828.0,18662.0,18542,17450,17921,17750,17950
851,ΑΞΙΩΜΑΤΙΚΩΝ ΝΟΣΗΛΕΥΤΙΚΗΣ (ΣΑΝ),15192.0,996.0,17371.0,18685.0,14942.0,16300.0,15214.0,16853.0,,16805.0,17867.0,17668.0,18256.0,17681.0,18355.0,18293.0,18172.0,17580,16400,16990,16500,16650
862,ΜΟΝΙΜΩΝ ΥΠΑΞΙΩΜΑΤΙΚΩΝ ΣΤΡΑΤΟΥ (Σ.Μ.Υ.) - ΟΠΛΑ,10925.0,996.0,11010.0,14497.0,12128.0,13486.0,12679.0,9100.0,,12607.0,,,15674.0,14817.0,14532.0,14562.0,14541.0,14073,13325,12197,11610,10890
863,ΜΟΝΙΜΩΝ ΥΠΑΞΙΩΜΑΤΙΚΩΝ ΣΤΡΑΤΟΥ (Σ.Μ.Υ.) - ΣΩΜΑΤΑ,11384.0,996.0,14382.0,17287.0,13064.0,14611.0,14820.0,13820.0,,14232.0,,,16455.0,15576.0,15678.0,15345.0,15450.0,15086,15825,16186,15220,15830
864,ΜΟΝΙΜΩΝ ΥΠΑΞΙΩΜΑΤΙΚΩΝ ΝΑΥΤΙΚΟΥ (Σ.Μ.Υ.Ν.),10057.0,998.0,11335.0,16101.0,12665.0,13338.0,13650.0,9139.0,,12800.0,14743.0,1515.0,16054.0,15426.0,14790.0,14802.0,14956.0,14557,14600,15254,13700,13700
866,ΝΟΜΙΚΟ (ΣΣΑΣ) ΘΕΣ/ΝΙΚΗ,18272.0,998.0,15904.0,19279.0,12099.0,18232.0,18626.0,12993.0,,16849.0,19257.0,19052.0,18908.0,,19146.0,18785.0,18881.0,18735,18325,18730,17940,18600
867,ΟΙΚΟΝΟΜΙΚΟ (ΣΣΑΣ) ΘΕΣ/ΝΙΚΗ,11718.0,998.0,10881.0,19362.0,,18505.0,18374.0,18989.0,,14843.0,,,19187.0,,18326.0,17568.0,18215.0,18586,18350,18452,17990,18405
869,ΑΞΙΩΜΑΤΙΚΩΝ ΕΛΛΗΝΙΚΗΣ ΑΣΤΥΝΟΜΙΑΣ (ΜΟΝΟ ΓΙΑ ΠΟΛΙΤΕΣ),16986.0,,18299.0,18673.0,,18579.0,17765.0,17726.0,,17452.0,,,18319.0,18206.0,17896.0,18113.0,18123.0,18241,17625,18246,17760,18070
870,ΑΣΤΥΦΥΛΑΚΩΝ (ΜΟΝΟ ΓΙΑ ΠΟΛΙΤΕΣ),11773.0,,11903.0,14633.0,,14225.0,10057.0,10104.0,,11371.0,,,15910.0,16169.0,16388.0,16301.0,16695.0,16550,13625,16385,14830,14810
871,ΑΞΙΩΜΑΤΙΚΩΝ ΠΥΡΟΣΒΕΣΤΙΚΗΣ ΑΚΑΔΗΜΙΑΣ (ΜΟΝΟ ΓΙΑ ΠΥΡΟΣΒΕΣΤΕΣ),4057.0,,,17873.0,,10191.0,10969.0,12084.0,,5546.0,8248.0,7476.0,7514.0,10314.0,14852.0,13472.0,13613.0,18315,16025,18199,17860,15850
872,ΑΞΙΩΜΑΤΙΚΩΝ ΕΛΛΗΝΙΚΗΣ ΑΣΤΥΝΟΜΙΑΣ (ΜΟΝΟ ΓΙΑ ΑΣΤΥΝΟΜΙΚΟΥΣ),12944.0,998.0,16827.0,18827.0,,17875.0,17068.0,15963.0,,15613.0,,,16721.0,16881.0,16650.0,16134.0,17518.0,18097,17425,18378,17240,17720
875,ΨΥΧΟΛΟΓΩΝ (ΣΣΑΣ) ΘΕΣ/ΝΙΚΗ,,,,,14416.0,18117.0,18979.0,19256.0,,19233.0,19336.0,19351.0,19121.0,,19043.0,19063.0,18844.0,19097,18400,19039,18395,18905
876,ΣΧΟΛΗ ΠΥΡΟΣΒΕΣΤΩΝ (ΜΟΝΟ ΓΙΑ ΠΟΛΙΤΕΣ),,,,,,,,,,,,,,,,16838.0,17264.0,17312,16850,17204,16600,16960
877,ΑΞΙΩΜΑΤΙΚΩΝ ΠΥΡΟΣΒΕΣΤΙΚΗΣ ΑΚΑΔΗΜΙΑΣ (ΜΟΝΟ ΓΙΑ ΠΟΛΙΤΕΣ),,,,,,,,,,,,,,,,18040.0,18395.0,18367,17975,18529,18350,18590
878,ΜΟΝΙΜΩΝ ΥΠΑΞΙΩΜΑΤΙΚΩΝ ΑΕΡΟΠΟΡΙΑΣ (ΣΜΥΑ) - ΚΑΤΕΥΘΥΝΣΗ ΤΕΧΝΟΛΟΓΙΚΗΣ ΥΠΟΣΤΗΡΙΞΗΣ,,,,,,,,,,,,,,,,,16056.0,15537,15375,15916,14100,13545
879,ΜΟΝΙΜΩΝ ΥΠΑΞΙΩΜΑΤΙΚΩΝ ΑΕΡΟΠΟΡΙΑΣ (ΣΜΥΑ) - ΚΑΤΕΥΘΥΝΣΗ ΕΠΙΧΕΙΡΗΣΙΑΚΗΣ ΥΠΟΣΤΗΡΙΞΗΣ,,,,,,,,,,,,,,,,,16720.0,16304,16400,16831,15500,16315
880,ΜΟΝΙΜΩΝ ΥΠΑΞΙΩΜΑΤΙΚΩΝ ΑΕΡΟΠΟΡΙΑΣ (ΣΜΥΑ) - ΚΑΤΕΥΘΥΝΣΗ ΔΙΟΙΚΗΤΙΚΗΣ ΚΑΙ ΕΦΟΔΙΑΣΤΙΚΗΣ ΥΠΟΣΤΗΡΙΞΗΣ,,,,,,,,,,,,,,,,,16881.0,16881,17025,17775,17605,17785
881,ΣΧΟΛΗ ΔΟΚΙΜΩΝ ΣΗΜΑΙΟΦΟΡΩΝ ΛΙΜΕΝΙΚΟΥ ΣΩΜΑΤΟΣ - ΕΛΛΗΝΙΚΗΣ ΑΚΤΟΦΥΛΑΚΗΣ (Σ.Δ.Σ.Λ.Σ. - ΕΛ.ΑΚΤ.) (ΜΟΝΟ ΓΙΑ ΠΟΛΙΤΕΣ),,,,,,,,,,,,,,,,,,17723,17425,18120,17330,17670
882,ΣΧΟΛΗ ΔΟΚΙΜΩΝ ΛΙΜΕΝΟΦΥΛΑΚΩΝ (ΜΟΝΟ ΓΙΑ ΠΟΛΙΤΕΣ),,,,,,,,,,,,,,,,,,16253,15700,16371,15520,16400
1001,ΑΓΡΟΤΙΚΗΣ ΑΝΑΠTΥΞΗΣ ΑΓΡΟΔΙΑΤΡΟΦΗΣ ΚΑΙ ΔΙΑΧΕΙΡΙΣΗΣ ΦΥΣΙΚΩΝ ΠΟΡΩΝ (ΨΑΧΝΑ ΕΥΒΟΙΑΣ),,,,,,,,,,,,,,,,,,9393,8050,9527,9690,9300
1002,ΑΕΡΟΔΙΑΣΤΗΜΙΚΗΣ ΕΠΙΣΤΗΜΗΣ ΚΑΙ ΤΕΧΝΟΛΟΓΙΑΣ (ΨΑΧΝΑ ΕΥΒΟΙΑΣ),,,,,,,,,,,,,,,,,,8472,7975,10559,10540,10870
1004,ΔΙΑΧΕΙΡΙΣΗΣ ΛΙΜΕΝΩΝ ΚΑΙ ΝΑΥΤΙΛΙΑΣ (ΨΑΧΝΑ ΕΥΒΟΙΑΣ),,,,,,,,,,,,,,,,,,8409,9325,8975,10450,10475
1005,ΔΙΟΙΚΗΣΗΣ ΕΠΙΧΕΙΡΗΣΕΩΝ ΚΑΙ ΟΡΓΑΝΙΣΜΩΝ (ΑΘΗΝΑ),,,,,,,,,,,,,,,,,,13313,14275,14756,14400,15120
1006,ΚΟΙΝΩΝΙΟΛΟΓΙΑΣ (ΑΘΗΝΑ) - ΕΚΠΑ,,,,,,,,,,,,,,,,,,14810,15025,14884,13710,14360
1007,ΠΑΙΔΑΓΩΓΙΚΟ ΔΕΥΤΕΡΟΒΑΘΜΙΑΣ ΕΚΠΑΙΔΕΥΣΗΣ (ΑΘΗΝΑ),,,,,,,,,,,,,,,,,,13339,13175,12220,12175,0
1008,ΤΕΧΝΟΛΟΓΙΩΝ ΨΗΦΙΑΚΗΣ ΒΙΟΜΗΧΑΝΙΑΣ (ΨΑΧΝΑ ΕΥΒΟΙΑΣ),,,,,,,,,,,,,,,,,,6753,7000,8166,8875,9070
1010,ΦΙΛΟΣΟΦΙΑΣ (ΑΘΗΝΑ),,,,,,,,,,,,,,,,,,12831,12975,11781,12445,12225
1011,ΨΗΦΙΑΚΩΝ ΤΕΧΝΩΝ ΚΑΙ ΚΙΝΗΜΑΤΟΓΡΑΦΟΥ (ΨΑΧΝΑ ΕΥΒΟΙΑΣ),,,,,,,,,,,,,,,,,,10225,9400,9971,10510,10500
1061,ΔΑΣΟΛΟΓΙΑΣ ΚΑΙ ΔΙΑΧΕΙΡΙΣΗΣ ΦΥΣΙΚΟΥ ΠΕΡΙΒΑΛΛΟΝΤΟΣ (ΚΑΡΠΕΝΗΣΙ),,,,,,,,,,,,,,,,,,6417,6250,11406,9500,9500
1063,ΔΙΟΙΚΗΣΗΣ ΓΕΩΡΓΙΚΩΝ ΕΠΙΧΕΙΡΗΣΕΩΝ ΚΑΙ ΣΥΣΤΗΜΑΤΩΝ ΕΦΟΔΙΑΣΜΟΥ (ΘΗΒΑ),,,,,,,,,,,,,,,,,,5437,5600,7719,8430,8345
1064,ΠΕΡΙΦΕΡΕΙΑΚΗΣ ΚΑΙ ΟΙΚΟΝΟΜΙΚΗΣ ΑΝΑΠΤΥΞΗΣ (ΑΜΦΙΣΣΑ),,,,,,,,,,,,,,,,,,4308,4350,7260,6880,7180
1211,ΕΦΑΡΜΟΣΜΕΝΗΣ ΠΛΗΡΟΦΟΡΙΚΗΣ - ΕΠΙΣΤΗΜΗ ΚΑΙ ΤΕΧΝΟΛΟΓΙΑ ΥΠΟΛΟΓΙΣΤΩΝ (ΘΕΣΣΑΛΟΝΙΚΗ),,,,,,,,,,,,,,,,,,15755,16125,16606,16330,17095
1212,ΕΦΑΡΜΟΣΜΕΝΗΣ ΠΛΗΡΟΦΟΡΙΚΗΣ - ΠΛΗΡΟΦΟΡΙΑΚΑ ΣΥΣΤΗΜΑΤΑ (ΘΕΣΣΑΛΟΝΙΚΗ),,,,,,,,,,,,,,,,,,15606,15850,16230,16085,16900
1241,ΑΓΩΓΗΣ ΚΑΙ ΦΡΟΝΤΙΔΑΣ ΣΤΗΝ ΠΡΩΙΜΗ ΠΑΙΔΙΚΗ ΗΛΙΚΙΑ (ΙΩΑΝΝΙΝΑ),,,,,,,,,,,,,,,,,,11438,10475,10475,10650,11238
1242,ΓΕΩΠΟΝΙΑΣ (ΑΡΤΑ),,,,,,,,,,,,,,,,,,7971,5250,9005,9455,9330
1244,ΛΟΓΙΣΤΙΚΗΣ ΚΑΙ ΧΡΗΜΑΤΟΟΙΚΟΝΟΜΙΚΗΣ (ΠΡΕΒΕΖΑ),,,,,,,,,,,,,,,,,,5004,5075,7558,8375,8350
1245,ΛΟΓΟΘΕΡΑΠΕΙΑΣ (ΙΩΑΝΝΙΝΑ),,,,,,,,,,,,,,,,,,13788,10750,12198,12910,12425
1248,ΜΟΥΣΙΚΩΝ ΣΠΟΥΔΩΝ (ΑΡΤΑ),,,,,,,,,,,,,,,,,,10660,11240,11830,12150,11790
1249,ΝΟΣΗΛΕΥΤΙΚΗΣ (ΙΩΑΝΝΙΝΑ),,,,,,,,,,,,,,,,,,11645,8900,10209,11120,10520
1250,ΠΛΗΡΟΦΟΡΙΚΗΣ ΚΑΙ ΤΗΛΕΠΙΚΟΙΝΩΝΙΩΝ (ΑΡΤΑ),,,,,,,,,,,,,,,,,,7739,6950,8275,9039,9175
1251,ΨΥΧΟΛΟΓΙΑΣ (ΙΩΑΝΝΙΝΑ),,,,,,,,,,,,,,,,,,17120,17350,17431,16625,17215
1272,ΝΟΣΗΛΕΥΤΙΚΗΣ (ΠΑΤΡΑ),,,,,,,,,,,,,,,,,,12461,10050,11040,11500,11075
1273,ΦΥΣΙΚΟΘΕΡΑΠΕΙΑΣ (ΠΑΤΡΑ),,,,,,,,,,,,,,,,,,14410,12500,14070,14367,14594
1274,ΛΟΓΟΘΕΡΑΠΕΙΑΣ (ΠΑΤΡΑ),,,,,,,,,,,,,,,,,,14016,11575,13748,13556,12556
1276,ΑΛΙΕΙΑΣ ΚΑΙ ΥΔΑΤΟΚΑΛΛΙΕΡΓΕΙΩΝ (ΜΕΣΟΛΟΓΓΙ) (Μετονομασία του Τμήματος ΖΩΙΚΗΣ ΠΑΡΑΓΩΓΗΣ ΑΛΙΕΙΑΣ ΚΑΙ ΥΔΑΤΟΚΑΛΛΙΕΡΓΕΙΩΝ),,,,,,,,,,,,,,,,,,6241,1025,10353,9425,9181
1278,ΕΠΙΣΤΗΜΗΣ ΚΑΙ ΤΕΧΝΟΛΟΓΙΑΣ ΤΡΟΦΙΜΩΝ (ΑΓΡΙΝΙΟ),,,,,,,,,,,,,,,,,,10306,8100,9418,9490,9360
1280,ΕΠΙΣΤΗΜΗΣ ΦΥΤΙΚΗΣ ΠΑΡΑΓΩΓΗΣ (ΜΕΣΟΛΟΓΓΙ),,,,,,,,,,,,,,,,,,7103,1700,9709,9220,0
1282,ΔΙΟΙΚΗΤΙΚΗΣ ΕΠΙΣΤΗΜΗΣ ΚΑΙ ΤΕΧΝΟΛΟΓΙΑΣ (ΠΑΤΡΑ),,,,,,,,,,,,,,,,,,8303,9475,9592,10575,10755
1283,ΔΙΟΙΚΗΣΗΣ ΤΟΥΡΙΣΜΟΥ (ΠΑΤΡΑ),,,,,,,,,,,,,,,,,,8633,9250,9056,11985,11905
1284,ΙΣΤΟΡΙΑΣ - ΑΡΧΑΙΟΛΟΓΙΑΣ (ΠΑΤΡΑ),,,,,,,,,,,,,,,,,,9747,7800,8470,8820,9060
1286,ΕΠΙΣΤΗΜΩΝ ΤΗΣ ΕΚΠΑΙΔΕΥΣΗΣ ΚΑΙ ΚΟΙΝΩΝΙΚΗΣ ΕΡΓΑΣΙΑΣ (ΠΑΤΡΑ),,,,,,,,,,,,,,,,,,14525,14475,15103,13868,14344
1287,ΜΗΧΑΝΙΚΩΝ ΠΕΡΙΒΑΛΛΟΝΤΟΣ (ΑΓΡΙΝΙΟ),,,,,,,,,,,,,,,,,,5449,3475,10074,0,0
1301,ΚΟΙΝΩΝΙΚΗΣ ΕΡΓΑΣΙΑΣ (ΚΟΜΟΤΗΝΗ),,,,,,,,,,,,,,,,,,14506,15375,15764,14100,14860
1302,ΚΟΙΝΩΝΙΚΗΣ ΠΟΛΙΤΙΚΗΣ (ΚΟΜΟΤΗΝΗ),,,,,,,,,,,,,,,,,,11854,11575,11492,9975,11230
1391,ΩΚΕΑΝΟΓΡΑΦΙΑΣ ΚΑΙ ΘΑΛΑΣΣΙΩΝ ΒΙΟΕΠΙΣΤΗΜΩΝ (ΜΥΤΙΛΗΝΗ),,,,,,,,,,,,,,,,,,8230,6400,9048,9460,9075
1422,ΓΕΩΠΟΝΙΑΣ - ΑΓΡΟΤΕΧΝΟΛΟΓΙΑΣ (ΛΑΡΙΣΑ),,,,,,,,,,,,,,,,,,9662,7650,9004,9525,9500
1423,ΓΛΩΣΣΙΚΩΝ ΚΑΙ ΔΙΑΠΟΛΙΤΙΣΜΙΚΩΝ ΣΠΟΥΔΩΝ (ΒΟΛΟΣ),,,,,,,,,,,,,,,,,,12535,11700,10878,9940,10360
1424,ΔΑΣΟΛΟΓΙΑΣ ΕΠΙΣΤΗΜΩΝ ΞΥΛΟΥ ΚΑΙ ΣΧΕΔΙΑΣΜΟΥ (ΚΑΡΔΙΤΣΑ),,,,,,,,,,,,,,,,,,6658,4100,8879,9305,8665
1425,ΔΗΜΟΣΙΑΣ ΚΑΙ ΕΝΙΑΙΑΣ ΥΓΕΙΑΣ (ΚΑΡΔΙΤΣΑ),,,,,,,,,,,,,,,,,,10197,7975,9251,9875,9875
1426,ΔΙΑΙΤΟΛΟΓΙΑΣ ΚΑΙ ΔΙΑΤΡΟΦΟΛΟΓΙΑΣ (ΤΡΙΚΑΛΑ),,,,,,,,,,,,,,,,,,13383,11275,12535,12820,12135
1427,ΔΙΟΙΚΗΣΗΣ ΕΠΙΧΕΙΡΗΣΕΩΝ (ΛΑΡΙΣΑ),,,,,,,,,,,,,,,,,,7120,8100,7969,9145,9060
1428,ΕΠΙΣΤΗΜΗΣ ΖΩΙΚΗΣ ΠΑΡΑΓΩΓΗΣ (ΛΑΡΙΣΑ),,,,,,,,,,,,,,,,,,7369,4750,9136,9550,9475
1429,ΕΠΙΣΤΗΜΗΣ ΤΡΟΦΙΜΩΝ ΚΑΙ ΔΙΑΤΡΟΦΗΣ (ΚΑΡΔΙΤΣΑ),,,,,,,,,,,,,,,,,,11059,8375,8963,9750,9800
1430,ΛΟΓΙΣΤΙΚΗΣ ΚΑΙ ΧΡΗΜΑΤΟΟΙΚΟΝΟΜΙΚΗΣ (ΛΑΡΙΣΑ),,,,,,,,,,,,,,,,,,7142,8300,7993,8944,8909
1432,ΜΑΘΗΜΑΤΙΚΩΝ (ΛΑΜΙΑ),,,,,,,,,,,,,,,,,,9433,7200,9386,9895,9715
1433,ΝΟΣΗΛΕΥΤΙΚΗΣ (ΛΑΡΙΣΑ),,,,,,,,,,,,,,,,,,11524,8825,10086,10540,10060
1434,ΠΕΡΙΒΑΛΛΟΝΤΟΣ (ΛΑΡΙΣΑ),,,,,,,,,,,,,,,,,,7570,5250,9844,9800,9385
1435,ΠΟΛΙΤΙΣΜΟΥ ΚΑΙ ΔΗΜΙΟΥΡΓΙΚΩΝ ΜΕΣΩΝ ΚΑΙ ΒΙΟΜΗΧΑΝΙΩΝ (ΒΟΛΟΣ),,,,,,,,,,,,,,,,,,9972,9475,9513,9430,9620
1436,ΣΥΣΤΗΜΑΤΩΝ ΕΝΕΡΓΕΙΑΣ (ΛΑΡΙΣΑ),,,,,,,,,,,,,,,,,,5861,4700,11400,9450,9620
1437,ΦΥΣΙΚΗΣ (ΛΑΜΙΑ),,,,,,,,,,,,,,,,,,9876,8200,9329,9525,9925
1438,ΦΥΣΙΚΟΘΕΡΑΠΕΙΑΣ (ΛΑΜΙΑ),,,,,,,,,,,,,,,,,,14657,12875,14626,14160,13180
1439,ΨΗΦΙΑΚΩΝ ΣΥΣΤΗΜΑΤΩΝ (ΛΑΡΙΣΑ),,,,,,,,,,,,,,,,,,7508,7475,8806,9470,10080
1452,ΕΠΙΣΤΗΜΗΣ ΚΑΙ ΤΕΧΝΟΛΟΓΙΑΣ ΤΡΟΦΙΜΩΝ (ΑΡΓΟΣΤΟΛΙ),,,,,,,,,,,,,,,,,,9795,6700,9252,9385,9094
1453,ΠΕΡΙΒΑΛΛΟΝΤΟΣ (ΖΑΚΥΝΘΟΣ),,,,,,,,,,,,,,,,,,6738,9000,9429,9505,8440
1455,ΤΟΥΡΙΣΜΟΥ (ΚΕΡΚΥΡΑ),,,,,,,,,,,,,,,,,,6086,7160,8480,9610,9660
1456,ΨΗΦΙΑΚΩΝ ΜΕΣΩΝ ΚΑΙ ΕΠΙΚΟΙΝΩΝΙΑΣ (ΑΡΓΟΣΤΟΛΙ),,,,,,,,,,,,,,,,,,8645,7325,8473,8675,9030
1511,ΓΕΩΠΟΝΙΑΣ (ΚΑΛΑΜΑΤΑ),,,,,,,,,,,,,,,,,,87,6500,9225,9396,9220
1512,ΕΠΙΣΤΗΜΗΣ ΚΑΙ ΤΕΧΝΟΛΟΓΙΑΣ ΤΡΟΦΙΜΩΝ (ΚΑΛΑΜΑΤΑ),,,,,,,,,,,,,,,,,,11153,9125,9499,10040,9870
1513,ΛΟΓΙΣΤΙΚΗΣ ΚΑΙ ΧΡΗΜΑΤΟΟΙΚΟΝΟΜΙΚΗΣ (ΚΑΛΑΜΑΤΑ),,,,,,,,,,,,,,,,,,6473,7875,7540,9135,8450
1514,ΔΙΟΙΚΗΣΗΣ ΕΠΙΧΕΙΡΗΣΕΩΝ ΚΑΙ ΟΡΓΑΝΙΣΜΩΝ (ΚΑΛΑΜΑΤΑ),,,,,,,,,,,,,,,,,,5422,6225,7251,8990,8645
1515,ΛΟΓΟΘΕΡΑΠΕΙΑΣ (ΚΑΛΑΜΑΤΑ),,,,,,,,,,,,,,,,,,13254,10050,11195,12200,11800
1516,ΕΠΙΣΤΗΜΗΣ ΔΙΑΤΡΟΦΗΣ ΚΑΙ ΔΙΑΙΤΟΛΟΓΙΑΣ (ΚΑΛΑΜΑΤΑ),,,,,,,,,,,,,,,,,,12929,10775,11234,11850,11460
1517,ΠΑΡΑΣΤΑΤΙΚΩΝ ΚΑΙ ΨΗΦΙΑΚΩΝ ΤΕΧΝΩΝ (ΝΑΥΠΛΙΟ),,,,,,,,,,,,,,,,,,9132,7925,9228,9275,9300
1518,ΔΙΟΙΚΗΤΙΚΗΣ ΕΠΙΣΤΗΜΗΣ ΚΑΙ ΤΕΧΝΟΛΟΓΙΑΣ (ΤΡΙΠΟΛΗ),,,,,,,,,,,,,,,,,,5826,7675,8379,9425,9450
1519,ΨΗΦΙΑΚΩΝ ΣΥΣΤΗΜΑΤΩΝ (ΣΠΑΡΤΗ),,,,,,,,,,,,,,,,,,6572,6075,7299,8808,9080
1520,ΦΥΣΙΚΟΘΕΡΑΠΕΙΑΣ (ΣΠΑΡΤΗ),,,,,,,,,,,,,,,,,,13932,11850,13116,13290,13040
1522,ΗΛΕΚΤΡΟΛΟΓΩΝ ΜΗΧΑΝΙΚΩΝ ΚΑΙ ΜΗΧΑΝΙΚΩΝ ΥΠΟΛΟΓΙΣΤΩΝ (ΠΑΤΡΑ) - ΠΑΝ. ΠΕΛ/ΝΗΣΟΥ,,,,,,,,,,,,,,,,,,9762,9550,9753,10081,10476
1523,ΜΗΧΑΝΟΛΟΓΩΝ ΜΗΧΑΝΙΚΩΝ (ΠΑΤΡΑ) - ΠΑΝ. ΠΕΛ/ΝΗΣΟΥ,,,,,,,,,,,,,,,,,,10405,10575,10167,10450,10500
1524,ΠΟΛΙΤΙΚΩΝ ΜΗΧΑΝΙΚΩΝ (ΠΑΤΡΑ) - ΠΑΝ. ΠΕΛ/ΝΗΣΟΥ,,,,,,,,,,,,,,,,,,8242,8575,9403,9535,9903
1541,ΜΗΧΑΝΙΚΩΝ ΟΡΥΚΤΩΝ ΠΟΡΩΝ (ΚΟΖΑΝΗ),,,,,,,,,,,,,,,,,,5339,1350,9422,9975,9900
1542,ΜΗΧΑΝΙΚΩΝ ΣΧΕΔΙΑΣΗΣ ΠΡΟΪΟΝΤΩΝ ΚΑΙ ΣΥΣΤΗΜΑΤΩΝ (ΚΟΖΑΝΗ),,,,,,,,,,,,,,,,,,5921,5450,7141,8475,8675
1543,ΠΕΡΙΦΕΡΕΙΑΚΗΣ ΚΑΙ ΔΙΑΣΥΝΟΡΙΑΚΗΣ ΑΝΑΠΤΥΞΗΣ (ΚΟΖΑΝΗ),,,,,,,,,,,,,,,,,,4092,3950,8969,0,0
1544,ΔΙΟΙΚΗΤΙΚΗΣ ΕΠΙΣΤΗΜΗΣ ΚΑΙ ΤΕΧΝΟΛΟΓΙΑΣ (ΚΟΖΑΝΗ),,,,,,,,,,,,,,,,,,4490,4425,7598,8210,8070
1545,ΛΟΓΙΣΤΙΚΗΣ ΚΑΙ ΧΡΗΜΑΤΟΟΙΚΟΝΟΜΙΚΗΣ (ΚΟΖΑΝΗ),,,,,,,,,,,,,,,,,,5050,4975,7607,7800,7540
1546,ΟΡΓΑΝΩΣΗΣ ΚΑΙ ΔΙΟΙΚΗΣΗΣ ΕΠΙΧΕΙΡΗΣΕΩΝ (ΓΡΕΒΕΝΑ),,,,,,,,,,,,,,,,,,5534,4875,7401,8270,7750
1547,ΣΤΑΤΙΣΤΙΚΗΣ ΚΑΙ ΑΣΦΑΛΙΣΤΙΚΗΣ ΕΠΙΣΤΗΜΗΣ (ΓΡΕΒΕΝΑ),,,,,,,,,,,,,,,,,,4846,3950,7867,7740,7560
1548,ΟΙΚΟΝΟΜΙΚΩΝ ΕΠΙΣΤΗΜΩΝ (ΚΑΣΤΟΡΙΑ),,,,,,,,,,,,,,,,,,7870,7875,8029,8290,7915
1549,ΔΙΕΘΝΩΝ ΚΑΙ ΕΥΡΩΠΑΪΚΩΝ ΟΙΚΟΝΟΜΙΚΩΝ ΣΠΟΥΔΩΝ (ΚΟΖΑΝΗ),,,,,,,,,,,,,,,,,,5295,5150,7553,8375,8350
1550,ΨΥΧΟΛΟΓΙΑΣ (ΦΛΩΡΙΝΑ),,,,,,,,,,,,,,,,,,16641,16675,16776,15185,16260
1551,ΕΠΙΚΟΙΝΩΝΙΑΣ ΚΑΙ ΨΗΦΙΑΚΩΝ ΜΕΣΩΝ (ΚΑΣΤΟΡΙΑ),,,,,,,,,,,,,,,,,,9005,8225,9718,10420,11030
1552,ΓΕΩΠΟΝΙΑΣ (ΦΛΩΡΙΝΑ),,,,,,,,,,,,,,,,,,7977,5375,9222,9020,8990
1553,ΜΑΙΕΥΤΙΚΗΣ (ΠΤΟΛΕΜΑΪΔΑ),,,,,,,,,,,,,,,,,,12101,9275,10300,10364,10021
1554,ΠΛΗΡΟΦΟΡΙΚΗΣ (ΚΑΣΤΟΡΙΑ),,,,,,,,,,,,,,,,,,8233,7825,8555,9560,9220
1555,ΜΑΘΗΜΑΤΙΚΩΝ (ΚΑΣΤΟΡΙΑ),,,,,,,,,,,,,,,,,,9206,5675,9928,9500,9950
1558,ΕΡΓΟΘΕΡΑΠΕΙΑΣ (ΠΤΟΛΕΜΑΪΔΑ),,,,,,,,,,,,,,,,,,14505,11975,13034,13094,12653
1563,ΧΗΜΙΚΩΝ ΜΗΧΑΝΙΚΩΝ (ΚΟΖΑΝΗ),,,,,,,,,,,,,,,,,,14283,14625,15265,14195,14780
1564,ΗΛΕΚΤΡΟΛΟΓΩΝ ΜΗΧΑΝΙΚΩΝ ΚΑΙ ΜΗΧΑΝΙΚΩΝ ΥΠΟΛΟΓΙΣΤΩΝ (ΚΟΖΑΝΗ),,,,,,,,,,,,,,,,,,13730,13825,14236,14325,14285
1601,ΟΡΓΑΝΩΣΗΣ ΚΑΙ ΔΙΟΙΚΗΣΗΣ ΕΠΙΧΕΙΡΗΣΕΩΝ (ΣΕΡΡΕΣ),,,,,,,,,,,,,,,,,,7170,7700,7365,8475,8600
1602,ΟΙΚΟΝΟΜΙΚΩΝ ΕΠΙΣΤΗΜΩΝ (ΣΕΡΡΕΣ),,,,,,,,,,,,,,,,,,8010,8950,8763,9305,8545
1603,ΔΙΟΙΚΗΣΗΣ ΕΦΟΔΙΑΣΤΙΚΗΣ ΑΛΥΣΙΔΑΣ (ΚΑΤΕΡΙΝΗ),,,,,,,,,,,,,,,,,,5217,5575,7493,8590,9275
1604,ΛΟΓΙΣΤΙΚΗΣ ΚΑΙ ΧΡΗΜΑΤΟΟΙΚΟΝΟΜΙΚΗΣ (ΚΑΒΑΛΑ),,,,,,,,,,,,,,,,,,5725,5800,7414,8295,7775
1605,ΔΙΟΙΚΗΣΗΣ ΟΡΓΑΝΙΣΜΩΝ ΜΑΡΚΕΤΙΝΓΚ ΚΑΙ ΤΟΥΡΙΣΜΟΥ (ΘΕΣΣΑΛΟΝΙΚΗ),,,,,,,,,,,,,,,,,,9888,10750,10317,11610,11380
1606,ΛΟΓΙΣΤΙΚΗΣ ΚΑΙ ΠΛΗΡΟΦΟΡΙΑΚΩΝ ΣΥΣΤΗΜΑΤΩΝ (ΘΕΣΣΑΛΟΝΙΚΗ),,,,,,,,,,,,,,,,,,10244,11275,10879,11760,11440
1607,ΔΙΟΙΚΗΤΙΚΗΣ ΕΠΙΣΤΗΜΗΣ ΚΑΙ ΤΕΧΝΟΛΟΓΙΑΣ (ΚΑΒΑΛΑ),,,,,,,,,,,,,,,,,,4643,4750,7673,8430,8180
1609,ΒΙΒΛΙΟΘΗΚΟΝΟΜΙΑΣ ΑΡΧΕΙΟΝΟΜΙΑΣ ΚΑΙ ΣΥΣΤΗΜΑΤΩΝ ΠΛΗΡΟΦΟΡΗΣΗΣ (ΘΕΣΣΑΛΟΝΙΚΗ),,,,,,,,,,,,,,,,,,10137,8850,9468,9725,9575
1610,ΑΓΩΓΗΣ ΚΑΙ ΦΡΟΝΤΙΔΑΣ ΣΤΗΝ ΠΡΩΙΜΗ ΠΑΙΔΙΚΗ ΗΛΙΚΙΑ (ΘΕΣΣΑΛΟΝΙΚΗ),,,,,,,,,,,,,,,,,,12792,11700,11492,11375,11750
1613,ΕΠΙΣΤΗΜΩΝ ΔΙΑΤΡΟΦΗΣ ΚΑΙ ΔΙΑΙΤΟΛΟΓΙΑΣ (ΘΕΣΣΑΛΟΝΙΚΗ),,,,,,,,,,,,,,,,,,15241,13375,14889,14470,13540
1614,ΜΑΙΕΥΤΙΚΗΣ (ΘΕΣΣΑΛΟΝΙΚΗ),,,,,,,,,,,,,,,,,,13890,11050,12513,12583,11387
1615,ΒΙΟΪΑΤΡΙΚΩΝ ΕΠΙΣΤΗΜΩΝ (ΘΕΣΣΑΛΟΝΙΚΗ),,,,,,,,,,,,,,,,,,14505,13200,14445,14240,13720
1616,ΦΥΣΙΚΟΘΕΡΑΠΕΙΑΣ (ΘΕΣΣΑΛΟΝΙΚΗ),,,,,,,,,,,,,,,,,,15970,14550,15938,15620,15370
1617,ΝΟΣΗΛΕΥΤΙΚΗΣ (ΔΙΔΥΜΟΤΕΙΧΟ),,,,,,,,,,,,,,,,,,10622,8275,12554,0,11985
1618,ΝΟΣΗΛΕΥΤΙΚΗΣ (ΘΕΣΣΑΛΟΝΙΚΗ),,,,,,,,,,,,,,,,,,13679,11475,12782,12880,12250
1619,ΜΗΧΑΝΟΛΟΓΩΝ ΜΗΧΑΝΙΚΩΝ (ΣΕΡΡΕΣ),,,,,,,,,,,,,,,,,,9005,8800,9381,8920,9850
1620,ΜΗΧΑΝΙΚΩΝ ΤΟΠΟΓΡΑΦΙΑΣ ΚΑΙ ΓΕΩΠΛΗΡΟΦΟΡΙΚΗΣ (ΣΕΡΡΕΣ),,,,,,,,,,,,,,,,,,6593,4850,9472,10410,10220
1621,ΠΟΛΙΤΙΚΩΝ ΜΗΧΑΝΙΚΩΝ (ΣΕΡΡΕΣ),,,,,,,,,,,,,,,,,,7665,7600,9205,9440,10076
1622,ΜΗΧΑΝΙΚΩΝ ΠΛΗΡΟΦΟΡΙΚΗΣ ΥΠΟΛΟΓΙΣΤΩΝ ΚΑΙ ΤΗΛΕΠΙΚΟΙΝΩΝΙΩΝ (ΣΕΡΡΕΣ),,,,,,,,,,,,,,,,,,10002,11325,11915,11980,12470
1623,ΜΗΧΑΝΙΚΩΝ ΠΕΡΙΒΑΛΛΟΝΤΟΣ (ΘΕΣΣΑΛΟΝΙΚΗ),,,,,,,,,,,,,,,,,,7854,7400,9131,9015,9325
1624,ΜΗΧΑΝΙΚΩΝ ΠΑΡΑΓΩΓΗΣ ΚΑΙ ΔΙΟΙΚΗΣΗΣ (ΘΕΣΣΑΛΟΝΙΚΗ),,,,,,,,,,,,,,,,,,9905,10075,10817,10780,10980
1625,ΜΗΧΑΝΙΚΩΝ ΠΛΗΡΟΦΟΡΙΚΗΣ ΚΑΙ ΗΛΕΚΤΡΟΝΙΚΩΝ ΣΥΣΤΗΜΑΤΩΝ (ΘΕΣΣΑΛΟΝΙΚΗ),,,,,,,,,,,,,,,,,,12806,13325,13996,13880,14445
1626,ΕΣΩΤΕΡΙΚΗΣ ΑΡΧΙΤΕΚΤΟΝΙΚΗΣ (ΣΕΡΡΕΣ),,,,,,,,,,,,,,,,,,5111,6850,10932,11340,12030
1627,ΔΗΜΙΟΥΡΓΙΚΟΥ ΣΧΕΔΙΑΣΜΟΥ ΚΑΙ ΕΝΔΥΣΗΣ (ΚΙΛΚΙΣ),,,,,,,,,,,,,,,,,,5305,3975,7366,8375,8350
1628,ΦΥΣΙΚΗΣ (ΚΑΒΑΛΑ),,,,,,,,,,,,,,,,,,8969,5800,9356,9280,9508
1629,ΧΗΜΕΙΑΣ (ΚΑΒΑΛΑ),,,,,,,,,,,,,,,,,,15854,13800,14989,14628,14070
1630,ΠΛΗΡΟΦΟΡΙΚΗΣ (ΚΑΒΑΛΑ),,,,,,,,,,,,,,,,,,9597,9725,10551,11143,11358
1632,ΔΑΣΟΛΟΓΙΑΣ ΚΑΙ ΦΥΣΙΚΟΥ ΠΕΡΙΒΑΛΛΟΝΤΟΣ (ΔΡΑΜΑ),,,,,,,,,,,,,,,,,,6923,2550,0,8980,8670
1633,ΑΓΡΟΤΙΚΗΣ ΒΙΟΤΕΧΝΟΛΟΓΙΑΣ ΚΑΙ ΟΙΝΟΛΟΓΙΑΣ (ΔΡΑΜΑ),,,,,,,,,,,,,,,,,,7794,4850,8976,9470,8980
1634,ΓΕΩΠΟΝΙΑΣ (ΘΕΣΣΑΛΟΝΙΚΗ) - ΔΙ.ΠΑ.Ε.,,,,,,,,,,,,,,,,,,11063,9275,10408,10775,10150
1635,ΕΠΙΣΤΗΜΗΣ ΚΑΙ ΤΕΧΝΟΛΟΓΙΑΣ ΤΡΟΦΙΜΩΝ (ΘΕΣΣΑΛΟΝΙΚΗ),,,,,,,,,,,,,,,,,,13230,11675,12581,12870,11925
1651,ΝΟΣΗΛΕΥΤΙΚΗΣ (ΗΡΑΚΛΕΙΟ),,,,,,,,,,,,,,,,,,11398,8500,9760,10325,11700
1652,ΚΟΙΝΩΝΙΚΗΣ ΕΡΓΑΣΙΑΣ (ΗΡΑΚΛΕΙΟ),,,,,,,,,,,,,,,,,,13920,14200,14592,12900,13850
1653,ΕΠΙΣΤΗΜΩΝ ΔΙΑΤΡΟΦΗΣ ΚΑΙ ΔΙΑΙΤΟΛΟΓΙΑΣ (ΣΗΤΕΙΑ),,,,,,,,,,,,,,,,,,11963,9175,9663,10290,10110
1654,ΛΟΓΙΣΤΙΚΗΣ ΚΑΙ ΧΡΗΜΑΤΟΟΙΚΟΝΟΜΙΚΗΣ (ΗΡΑΚΛΕΙΟ),,,,,,,,,,,,,,,,,,6257,6975,7566,8150,7710
1655,ΔΙΟΙΚΗΣΗΣ ΕΠΙΧΕΙΡΗΣΕΩΝ ΚΑΙ ΤΟΥΡΙΣΜΟΥ (ΗΡΑΚΛΕΙΟ),,,,,,,,,,,,,,,,,,7027,7650,8608,9088,8840
1656,ΔΙΟΙΚΗΤΙΚΗΣ ΕΠΙΣΤΗΜΗΣ ΚΑΙ ΤΕΧΝΟΛΟΓΙΑΣ (ΑΓΙΟΣ ΝΙΚΟΛΑΟΣ),,,,,,,,,,,,,,,,,,4737,4600,7857,8350,8250
1657,ΓΕΩΠΟΝΙΑΣ (ΗΡΑΚΛΕΙΟ),,,,,,,,,,,,,,,,,,9360,7075,9140,9000,9130
1659,ΜΗΧΑΝΟΛΟΓΩΝ ΜΗΧΑΝΙΚΩΝ (ΗΡΑΚΛΕΙΟ),,,,,,,,,,,,,,,,,,9020,8750,9260,9315,9800
1660,ΗΛΕΚΤΡΟΛΟΓΩΝ ΜΗΧΑΝΙΚΩΝ ΚΑΙ ΜΗΧΑΝΙΚΩΝ ΥΠΟΛΟΓΙΣΤΩΝ (ΗΡΑΚΛΕΙΟ),,,,,,,,,,,,,,,,,,7617,7425,9194,9660,9860
1662,ΗΛΕΚΤΡΟΝΙΚΩΝ ΜΗΧΑΝΙΚΩΝ (ΧΑΝΙΑ),,,,,,,,,,,,,,,,,,6949,6375,8750,9172,9370
1664,ΜΟΥΣΙΚΗΣ ΤΕΧΝΟΛΟΓΙΑΣ ΚΑΙ ΑΚΟΥΣΤΙΚΗΣ (ΡΕΘΥΜΝΟ),,,,,,,,,,,,,,,,,,5182,4200,7498,8375,8350
